TICKET_IDENTIFIER|SUPPORT_CATEGORY|AGENT_NAME|DATE_OF_CALL|CALL_STATUS|CALL_TYPE|TYPE_OF_CUSTOMER|DURATION|WORK_TIME|TICKET_STATUS|RESOLVED_IN_FIRST_CONTACT|RESOLUTION_CATEGORY|RATING
1|MOBILE & WIRELESS SERVICES|UMARTINEZ|10142023110451|COMPLETED|CALL|DEVICE ENTHUSIAST|214|100|TRANSFERRED TO ANOTHER QUEUE|1|SUPPORT TEAM INTERVENTION|WORST
2|SUPPORT OUTAGES|ATHOMAS|07012024110451|TRANSFERRED|CHAT|LONG-TERM CUSTOMER|103|302|PENDING RESOLUTION|1|SUPPORT TEAM INTERVENTION|GOOD
2|LOYALTY & RETENTIONS|VHERNANDEZ|02222023110451|TRANSFERRED|CHAT|HEAVY DATA USER|533|478|PENDING RESOLUTION|1|SELF-HELP OPTION|WORST
3|SUPPORT OUTAGES|EJONES|04032024110451|TRANSFERRED|CHAT|TECH-SAVVY USER|458|161|WORK IN PROGRESS|0|SELF-HELP OPTION|BEST
4|HOME SERVICES|YWILSON|09142022110451|TRANSFERRED|CHAT|FAMILY PLAN MANAGER|326|534|PENDING CUSTOMER UPDATE|0|SELF-HELP OPTION|BEST
3|BUSINESS SERVICES|EJONES|02232024110451|DROPPED|CHAT|LONG-TERM CUSTOMER|189|364|PENDING CUSTOMER UPDATE|0|SUPPORT TEAM INTERVENTION|NEUTRAL
5|TECHNICAL SUPPORT|WLOPEZ|02092022110451|COMPLETED|CALL|NEW CUSTOMER|204|410|RESOLVED|0|SUPPORT TEAM INTERVENTION|BEST
6|ACCOUNT MANAGEMENT|XGONZALEZ|06022024110451|TRANSFERRED|CALL|SENIOR CITIZEN|274|546|PENDING RESOLUTION|0|SUPPORT TEAM INTERVENTION|WORST
6|TECHNICAL SUPPORT|ZANDERSON|09262023110451|COMPLETED|CHAT|HEAVY DATA USER|138|227|PENDING CUSTOMER UPDATE|0|SUPPORT TEAM INTERVENTION|WORST
7|MOBILE & WIRELESS SERVICES|EJONES|01032024110451|COMPLETED|CALL|BUSINESS OWNER|502|210|WORK IN PROGRESS|0|SELF-HELP OPTION|GOOD
8|LOYALTY & RETENTIONS|TGARCIA|01282024110451|COMPLETED|CALL|SENIOR CITIZEN|150|62|TRANSFERRED TO ANOTHER QUEUE|0|SUPPORT TEAM INTERVENTION|BEST
9|MOBILE & WIRELESS SERVICES|EJONES|05052022110451|TRANSFERRED|CHAT|DEVICE ENTHUSIAST|253|395|PENDING CUSTOMER UPDATE|1|SELF-HELP OPTION|BEST
10|NEW CUSTOMER ONBOARDING|YWILSON|04132023110451|TRANSFERRED|CHAT|SENIOR CITIZEN|128|475|TRANSFERRED TO ANOTHER QUEUE|0|SUPPORT TEAM INTERVENTION|NEUTRAL
11|HOME SERVICES|STHOMPSON|09112024110451|DROPPED|CALL|FREQUENT TRAVELER|397|42|PENDING RESOLUTION|1|SELF-HELP OPTION|NEUTRAL
12|HOME SERVICES|EJONES|05122022110451|COMPLETED|CALL|DEVICE ENTHUSIAST|100|327|TRANSFERRED TO ANOTHER QUEUE|1|SUPPORT TEAM INTERVENTION|GOOD
7|TECHNICAL SUPPORT|VHERNANDEZ|01152023110451|TRANSFERRED|CHAT|FAMILY PLAN MANAGER|396|166|RESOLVED|0|SUPPORT TEAM INTERVENTION|BEST
13|HOME SERVICES|YWILSON|03072022110451|COMPLETED|CHAT|NEW CUSTOMER|257|71|WORK IN PROGRESS|1|SUPPORT TEAM INTERVENTION|BAD
14|LOYALTY & RETENTIONS|XGONZALEZ|10262023110451|COMPLETED|CALL|NEW CUSTOMER|191|64|PENDING CUSTOMER UPDATE|0|SUPPORT TEAM INTERVENTION|BEST
15|BUSINESS SERVICES|ATHOMAS|02142024110451|TRANSFERRED|CALL|SENIOR CITIZEN|204|89|PENDING RESOLUTION|1|SELF-HELP OPTION|NEUTRAL
4|MOBILE & WIRELESS SERVICES|UMARTINEZ|07122023110451|TRANSFERRED|CALL|SENIOR CITIZEN|358|372|RESOLVED|1|SELF-HELP OPTION|GOOD
16|NEW CUSTOMER ONBOARDING|TGARCIA|07292022110451|COMPLETED|CALL|LONG-TERM CUSTOMER|145|529|PENDING CUSTOMER UPDATE|0|SELF-HELP OPTION|GOOD
17|ACCOUNT MANAGEMENT|ZANDERSON|01172022110451|COMPLETED|CALL|BUSINESS OWNER|187|311|PENDING CUSTOMER UPDATE|0|SUPPORT TEAM INTERVENTION|WORST
2|PROMOTIONS & DISCOUNTS|EJONES|03222023110451|TRANSFERRED|CHAT|NEW CUSTOMER|377|18|WORK IN PROGRESS|1|SUPPORT TEAM INTERVENTION|WORST
18|HOME SERVICES|UMARTINEZ|05172023110451|TRANSFERRED|CALL|TECH-SAVVY USER|429|468|TRANSFERRED TO ANOTHER QUEUE|0|SELF-HELP OPTION|BEST
5|TECHNICAL SUPPORT|ZANDERSON|10042022110451|DROPPED|CALL|FAMILY PLAN MANAGER|512|323|PENDING CUSTOMER UPDATE|0|SUPPORT TEAM INTERVENTION|NEUTRAL
19|BUSINESS SERVICES|XGONZALEZ|12022022110451|DROPPED|CHAT|DEVICE ENTHUSIAST|514|94|TRANSFERRED TO ANOTHER QUEUE|0|SUPPORT TEAM INTERVENTION|BAD
20|HOME SERVICES|VHERNANDEZ|02142023110451|COMPLETED|CHAT|HEAVY DATA USER|237|95|TRANSFERRED TO ANOTHER QUEUE|0|SELF-HELP OPTION|BAD
21|SUPPORT OUTAGES|EJONES|06302023110451|DROPPED|CHAT|TECH-SAVVY USER|223|236|TRANSFERRED TO ANOTHER QUEUE|0|SELF-HELP OPTION|GOOD
22|HOME SERVICES|WLOPEZ|08122023110451||CALL|LONG-TERM CUSTOMER|263|231|RESOLVED|1|SELF-HELP OPTION|WORST
23|NEW CUSTOMER ONBOARDING|WLOPEZ|08202023110451|COMPLETED|CALL|NEW CUSTOMER|168|103|PENDING CUSTOMER UPDATE|1|SUPPORT TEAM INTERVENTION|BAD
24|BUSINESS SERVICES|XGONZALEZ|08092023110451|COMPLETED|CHAT|BUDGET-CONSCIOUS CUSTOMER|344|26|WORK IN PROGRESS|0|SUPPORT TEAM INTERVENTION|NEUTRAL
25|PROMOTIONS & DISCOUNTS|EJONES|07232023110451|TRANSFERRED|CALL|BUSINESS OWNER|135|418|PENDING RESOLUTION|0|SELF-HELP OPTION|NEUTRAL
26|SUPPORT OUTAGES|YWILSON|03212024110451|TRANSFERRED|CHAT|TECH-SAVVY USER|177|210|TRANSFERRED TO ANOTHER QUEUE|1|SELF-HELP OPTION|GOOD
27|LOYALTY & RETENTIONS|EJONES|01172024110451|TRANSFERRED|CALL|FAMILY PLAN MANAGER|407|140|TRANSFERRED TO ANOTHER QUEUE|0|SUPPORT TEAM INTERVENTION|NEUTRAL
28|ACCOUNT MANAGEMENT|EJONES|12212022110451|DROPPED|CALL|LONG-TERM CUSTOMER|121|451|RESOLVED|0|SUPPORT TEAM INTERVENTION|NEUTRAL
23|PROMOTIONS & DISCOUNTS|YWILSON|08232023110451|COMPLETED|CHAT|NEW CUSTOMER|153|402|WORK IN PROGRESS|0|SELF-HELP OPTION|BEST
29|NEW CUSTOMER ONBOARDING|WLOPEZ|09222022110451|TRANSFERRED|CHAT|SENIOR CITIZEN|48|148|PENDING RESOLUTION|1|SUPPORT TEAM INTERVENTION|BEST
30|TECHNICAL SUPPORT|WLOPEZ|02112022110451|DROPPED|CALL|SENIOR CITIZEN|126|600|PENDING CUSTOMER UPDATE|0|SELF-HELP OPTION|NEUTRAL
31|MOBILE & WIRELESS SERVICES|VHERNANDEZ|03032023110451|COMPLETED|CHAT|FAMILY PLAN MANAGER|137|12|TRANSFERRED TO ANOTHER QUEUE|1|SELF-HELP OPTION|BEST
32|TECHNICAL SUPPORT|WLOPEZ|03202022110451|COMPLETED|CHAT|HEAVY DATA USER|225|519|PENDING RESOLUTION|0|SUPPORT TEAM INTERVENTION|WORST
13|NEW CUSTOMER ONBOARDING|XGONZALEZ|02022024110451|DROPPED|CALL|SENIOR CITIZEN|475|312|TRANSFERRED TO ANOTHER QUEUE|0|SELF-HELP OPTION|BEST
33|BUSINESS SERVICES|STHOMPSON|02262024110451|TRANSFERRED|CHAT|HEAVY DATA USER|425|467|RESOLVED|1|SELF-HELP OPTION|GOOD
34|NEW CUSTOMER ONBOARDING|ATHOMAS|07062023110451|DROPPED|CHAT|NEW CUSTOMER|493|348|PENDING CUSTOMER UPDATE|0|SUPPORT TEAM INTERVENTION|BEST
35|HOME SERVICES|YWILSON|04252024110451|TRANSFERRED|CALL||528|279|WORK IN PROGRESS|1|SUPPORT TEAM INTERVENTION|WORST
36|HOME SERVICES|WLOPEZ|03052023110451|DROPPED|CALL|BUDGET-CONSCIOUS CUSTOMER|303|410|PENDING CUSTOMER UPDATE|1|SELF-HELP OPTION|WORST
37|MOBILE & WIRELESS SERVICES|EJONES|11242022110451|DROPPED|CALL|DEVICE ENTHUSIAST|364|211|PENDING RESOLUTION|1|SELF-HELP OPTION|BEST
1|ACCOUNT MANAGEMENT|VHERNANDEZ|04242023110451|COMPLETED|CALL|HEAVY DATA USER|60|211|PENDING RESOLUTION|0|SELF-HELP OPTION|NEUTRAL
38|SUPPORT OUTAGES|TGARCIA|03172024110451|TRANSFERRED|CALL|SENIOR CITIZEN|468|125|RESOLVED|0|SUPPORT TEAM INTERVENTION|NEUTRAL
29|BUSINESS SERVICES|EJONES|03042024110451|DROPPED|CHAT|FAMILY PLAN MANAGER|296|48|PENDING RESOLUTION|1|SUPPORT TEAM INTERVENTION|BEST
39|TECHNICAL SUPPORT|EJONES|06232023110451|TRANSFERRED|CHAT|HEAVY DATA USER|136|184|PENDING CUSTOMER UPDATE|0|SELF-HELP OPTION|GOOD
40|HOME SERVICES|WLOPEZ|01102022110451|TRANSFERRED|CHAT|NEW CUSTOMER|154|223|RESOLVED|0|SELF-HELP OPTION|NEUTRAL
41|NEW CUSTOMER ONBOARDING|YWILSON|11162022110451|DROPPED|CALL|HEAVY DATA USER|332|476|PENDING RESOLUTION|0|SUPPORT TEAM INTERVENTION|WORST
42|HOME SERVICES|EJONES|05302023110451|DROPPED|CHAT|FAMILY PLAN MANAGER|303|591|TRANSFERRED TO ANOTHER QUEUE|1|SUPPORT TEAM INTERVENTION|NEUTRAL
43|SECURITY & PRIVACY|STHOMPSON|12132023110451|COMPLETED|CALL|FREQUENT TRAVELER|274|418|TRANSFERRED TO ANOTHER QUEUE||SUPPORT TEAM INTERVENTION|BEST
44|TECHNICAL SUPPORT|WLOPEZ|11272022110451|DROPPED|CHAT|FAMILY PLAN MANAGER|277|304|PENDING RESOLUTION|0|SELF-HELP OPTION|BAD
45|LOYALTY & RETENTIONS|ZANDERSON|08282023110451|DROPPED|CHAT|SENIOR CITIZEN|530|324|RESOLVED|1|SUPPORT TEAM INTERVENTION|GOOD
46|TECHNICAL SUPPORT|XGONZALEZ|07062023110451|COMPLETED|CHAT|TECH-SAVVY USER|130|544|RESOLVED|1|SUPPORT TEAM INTERVENTION|NEUTRAL
47|MOBILE & WIRELESS SERVICES|YWILSON|11182022110451|COMPLETED|CALL|DEVICE ENTHUSIAST|342|600|TRANSFERRED TO ANOTHER QUEUE|1|SUPPORT TEAM INTERVENTION|GOOD
48|PROMOTIONS & DISCOUNTS|ATHOMAS|05122024110451|TRANSFERRED|CALL|TECH-SAVVY USER|380|595|PENDING CUSTOMER UPDATE|0|SELF-HELP OPTION|BEST
29|SUPPORT OUTAGES|EJONES|03312024110451|DROPPED|CALL|LONG-TERM CUSTOMER|452|466|RESOLVED|1|SUPPORT TEAM INTERVENTION|NEUTRAL
49|HOME SERVICES|VHERNANDEZ|02082022110451|TRANSFERRED|CALL|BUDGET-CONSCIOUS CUSTOMER|485|296|PENDING CUSTOMER UPDATE|1|SELF-HELP OPTION|BAD
50|HOME SERVICES|STHOMPSON|02122023110451|COMPLETED|CHAT|LONG-TERM CUSTOMER|173|53|RESOLVED|1|SELF-HELP OPTION|GOOD
51|SECURITY & PRIVACY|YWILSON|04152023110451|COMPLETED|CALL|BUDGET-CONSCIOUS CUSTOMER|579|461|PENDING RESOLUTION|0|SELF-HELP OPTION|BEST
42|TECHNICAL SUPPORT|YWILSON|08232022110451|COMPLETED|CALL|HEAVY DATA USER|479|128|TRANSFERRED TO ANOTHER QUEUE|0|SUPPORT TEAM INTERVENTION|BEST
52|SECURITY & PRIVACY|YWILSON|01312024110451|COMPLETED|CALL|NEW CUSTOMER|481|185|WORK IN PROGRESS||SUPPORT TEAM INTERVENTION|BAD
50|SECURITY & PRIVACY|ZANDERSON|05272023110451|TRANSFERRED|CHAT|LONG-TERM CUSTOMER|473|64|PENDING CUSTOMER UPDATE|1|SUPPORT TEAM INTERVENTION|BEST
53|HOME SERVICES|YWILSON|12162022110451|DROPPED|CALL|SENIOR CITIZEN|50|231|PENDING RESOLUTION|1|SUPPORT TEAM INTERVENTION|BEST
22|SECURITY & PRIVACY|EJONES|07222023110451|DROPPED|CHAT|DEVICE ENTHUSIAST|232|260|PENDING RESOLUTION|0|SELF-HELP OPTION|NEUTRAL
54|HOME SERVICES|EJONES|09302022110451|DROPPED|CHAT|FREQUENT TRAVELER|481|339|TRANSFERRED TO ANOTHER QUEUE|0|SUPPORT TEAM INTERVENTION|WORST
55|SECURITY & PRIVACY|EJONES|07022022110451|TRANSFERRED|CHAT|SENIOR CITIZEN|580|239|PENDING CUSTOMER UPDATE|0|SELF-HELP OPTION|GOOD
56|NEW CUSTOMER ONBOARDING|YWILSON|10222023110451|TRANSFERRED|CHAT|BUDGET-CONSCIOUS CUSTOMER|21|410|TRANSFERRED TO ANOTHER QUEUE|1|SELF-HELP OPTION|GOOD
31|SECURITY & PRIVACY|YWILSON|05272022110451|COMPLETED|CALL|DEVICE ENTHUSIAST|401|600|RESOLVED|1|SELF-HELP OPTION|BAD
57|SUPPORT OUTAGES|UMARTINEZ|11252022110451|TRANSFERRED|CALL|DEVICE ENTHUSIAST|441|224|PENDING CUSTOMER UPDATE|1|SELF-HELP OPTION|BEST
58|MOBILE & WIRELESS SERVICES|UMARTINEZ|03112023110451|COMPLETED|CALL|BUSINESS OWNER|347|362|WORK IN PROGRESS|0|SELF-HELP OPTION|BAD
59|MOBILE & WIRELESS SERVICES|EJONES|03302022110451|TRANSFERRED|CHAT|DEVICE ENTHUSIAST|16|519|PENDING RESOLUTION|0|SUPPORT TEAM INTERVENTION|BAD
60|BUSINESS SERVICES|TGARCIA|08182023110451|TRANSFERRED|CALL|BUSINESS OWNER|354|182|PENDING CUSTOMER UPDATE|0|SUPPORT TEAM INTERVENTION|WORST
61|TECHNICAL SUPPORT|VHERNANDEZ|06142022110451|TRANSFERRED|CALL|DEVICE ENTHUSIAST|509|221|PENDING RESOLUTION|0|SELF-HELP OPTION|GOOD
35|SUPPORT OUTAGES|EJONES|01282022110451|COMPLETED|CALL|BUSINESS OWNER|69|531|TRANSFERRED TO ANOTHER QUEUE|0|SELF-HELP OPTION|GOOD
62|BUSINESS SERVICES|ZANDERSON|04232022110451|COMPLETED|CHAT|BUSINESS OWNER|193|96|PENDING CUSTOMER UPDATE|0|SUPPORT TEAM INTERVENTION|BEST
63|TECHNICAL SUPPORT|UMARTINEZ|02132024110451|TRANSFERRED|CALL|FAMILY PLAN MANAGER|15||RESOLVED|1|SELF-HELP OPTION|BAD
64|NEW CUSTOMER ONBOARDING|TGARCIA|02132024110451|DROPPED|CALL|HEAVY DATA USER|538|173|TRANSFERRED TO ANOTHER QUEUE|1|SELF-HELP OPTION|GOOD
48|SECURITY & PRIVACY|UMARTINEZ|01252022110451|COMPLETED|CALL|BUDGET-CONSCIOUS CUSTOMER|485|457|RESOLVED|0|SELF-HELP OPTION|WORST
65|HOME SERVICES|STHOMPSON|08092024110451|TRANSFERRED|CALL|BUDGET-CONSCIOUS CUSTOMER|327|569|PENDING CUSTOMER UPDATE|0|SUPPORT TEAM INTERVENTION|NEUTRAL
6|MOBILE & WIRELESS SERVICES|VHERNANDEZ|01262024110451|TRANSFERRED|CHAT|FREQUENT TRAVELER|131|166|WORK IN PROGRESS|0|SELF-HELP OPTION|BEST
66|TECHNICAL SUPPORT|TGARCIA|11082022110451|COMPLETED|CHAT|FAMILY PLAN MANAGER|166|38|WORK IN PROGRESS|0|SUPPORT TEAM INTERVENTION|NEUTRAL
67|ACCOUNT MANAGEMENT|VHERNANDEZ|06172024110451|COMPLETED|CHAT|DEVICE ENTHUSIAST|50|296|WORK IN PROGRESS|1|SELF-HELP OPTION|WORST
68|PROMOTIONS & DISCOUNTS|EJONES|01202023110451|TRANSFERRED|CALL|BUDGET-CONSCIOUS CUSTOMER|263|512|TRANSFERRED TO ANOTHER QUEUE|1|SELF-HELP OPTION|GOOD
69|ACCOUNT MANAGEMENT|STHOMPSON|10162022110451|COMPLETED|CHAT|SENIOR CITIZEN|441|373|PENDING CUSTOMER UPDATE|0|SELF-HELP OPTION|NEUTRAL
70|TECHNICAL SUPPORT|UMARTINEZ|04112023110451|TRANSFERRED|CALL|FAMILY PLAN MANAGER|364|386|PENDING RESOLUTION|1|SUPPORT TEAM INTERVENTION|WORST
18|NEW CUSTOMER ONBOARDING|YWILSON|12072022110451|COMPLETED|CHAT|DEVICE ENTHUSIAST|595|27|TRANSFERRED TO ANOTHER QUEUE|1|SELF-HELP OPTION|WORST
71|PROMOTIONS & DISCOUNTS|ATHOMAS|08132023110451|DROPPED|CALL|LONG-TERM CUSTOMER|108|476|PENDING RESOLUTION|0|SUPPORT TEAM INTERVENTION|NEUTRAL
72|SUPPORT OUTAGES|UMARTINEZ|12132022110451|COMPLETED|CHAT|FAMILY PLAN MANAGER|192|451|WORK IN PROGRESS|1|SELF-HELP OPTION|NEUTRAL
73|TECHNICAL SUPPORT|VHERNANDEZ|06282022110451|COMPLETED|CHAT|HEAVY DATA USER|113|273|RESOLVED|0|SUPPORT TEAM INTERVENTION|NEUTRAL
74|SECURITY & PRIVACY|TGARCIA|05202023110451|DROPPED|CHAT|FAMILY PLAN MANAGER|54|305|WORK IN PROGRESS|0|SUPPORT TEAM INTERVENTION|BAD
56|HOME SERVICES|EJONES|03192024110451|TRANSFERRED|CHAT|SENIOR CITIZEN|32|261|WORK IN PROGRESS|1|SUPPORT TEAM INTERVENTION|GOOD
75|HOME SERVICES|ZANDERSON|04212024110451|TRANSFERRED|CALL|BUDGET-CONSCIOUS CUSTOMER|63|346|PENDING CUSTOMER UPDATE|0|SELF-HELP OPTION|NEUTRAL
76|BUSINESS SERVICES|STHOMPSON|04102022110451|TRANSFERRED|CALL|DEVICE ENTHUSIAST|512|323|WORK IN PROGRESS|1|SUPPORT TEAM INTERVENTION|GOOD
77|TECHNICAL SUPPORT|ATHOMAS|04212022110451|TRANSFERRED|CALL|NEW CUSTOMER|486|38|PENDING RESOLUTION|1|SUPPORT TEAM INTERVENTION|BAD
78|HOME SERVICES|XGONZALEZ|05202023110451|DROPPED|CHAT|LONG-TERM CUSTOMER|473|363|PENDING CUSTOMER UPDATE|0|SUPPORT TEAM INTERVENTION|NEUTRAL
79|ACCOUNT MANAGEMENT|UMARTINEZ|03172024110451|COMPLETED|CALL|BUSINESS OWNER|480|319|WORK IN PROGRESS|0|SELF-HELP OPTION|WORST
80|ACCOUNT MANAGEMENT|ZANDERSON|12252022110451|COMPLETED|CHAT|NEW CUSTOMER|402|513|RESOLVED|1|SELF-HELP OPTION|WORST
13|TECHNICAL SUPPORT|STHOMPSON|05262023110451|TRANSFERRED|CALL|FAMILY PLAN MANAGER|297|229|RESOLVED|1|SUPPORT TEAM INTERVENTION|BAD
81|LOYALTY & RETENTIONS|STHOMPSON|10302023110451|DROPPED|CALL|HEAVY DATA USER|17|99|WORK IN PROGRESS|0|SUPPORT TEAM INTERVENTION|GOOD
82|LOYALTY & RETENTIONS|WLOPEZ|05092023110451|TRANSFERRED|CALL|DEVICE ENTHUSIAST|489|342|WORK IN PROGRESS|0|SUPPORT TEAM INTERVENTION|BEST
83|SECURITY & PRIVACY|STHOMPSON|01022024110451|COMPLETED|CALL|HEAVY DATA USER|33|489|PENDING CUSTOMER UPDATE|1|SUPPORT TEAM INTERVENTION|GOOD
84|BUSINESS SERVICES|EJONES|07072022110451|TRANSFERRED|CHAT|SENIOR CITIZEN|21|135|TRANSFERRED TO ANOTHER QUEUE|0|SUPPORT TEAM INTERVENTION|WORST
85|ACCOUNT MANAGEMENT|YWILSON|08092022110451|TRANSFERRED|CHAT|BUSINESS OWNER|225|560|TRANSFERRED TO ANOTHER QUEUE|1|SUPPORT TEAM INTERVENTION|NEUTRAL
86|NEW CUSTOMER ONBOARDING||08082023110451|DROPPED|CALL|NEW CUSTOMER|440|343|WORK IN PROGRESS|0|SUPPORT TEAM INTERVENTION|WORST
87|ACCOUNT MANAGEMENT|EJONES|03082024110451|COMPLETED|CHAT|SENIOR CITIZEN|449|600|RESOLVED|0|SELF-HELP OPTION|BAD
73|NEW CUSTOMER ONBOARDING|ATHOMAS|01052024110451|DROPPED|CHAT|FAMILY PLAN MANAGER|464|128|TRANSFERRED TO ANOTHER QUEUE|1|SUPPORT TEAM INTERVENTION|BEST
88|PROMOTIONS & DISCOUNTS|EJONES|08152024110451|COMPLETED|CALL|FREQUENT TRAVELER|593|102|TRANSFERRED TO ANOTHER QUEUE|1|SUPPORT TEAM INTERVENTION|BAD
89|NEW CUSTOMER ONBOARDING|TGARCIA|05092022110451|DROPPED|CALL|LONG-TERM CUSTOMER|76|571|RESOLVED|1|SELF-HELP OPTION|BEST
90|MOBILE & WIRELESS SERVICES|XGONZALEZ|09042023110451|COMPLETED|CHAT|FAMILY PLAN MANAGER|443|110|PENDING RESOLUTION|0|SUPPORT TEAM INTERVENTION|BAD
91|HOME SERVICES|UMARTINEZ|12072022110451|TRANSFERRED|CALL|BUDGET-CONSCIOUS CUSTOMER|46|84|TRANSFERRED TO ANOTHER QUEUE|0|SELF-HELP OPTION|BAD
92|MOBILE & WIRELESS SERVICES|UMARTINEZ|08252024110451|DROPPED|CHAT|BUSINESS OWNER|293|424|PENDING CUSTOMER UPDATE|0|SUPPORT TEAM INTERVENTION|BEST
4|NEW CUSTOMER ONBOARDING|XGONZALEZ|08272024110451|DROPPED|CHAT|BUDGET-CONSCIOUS CUSTOMER|300|226|TRANSFERRED TO ANOTHER QUEUE|1|SELF-HELP OPTION|WORST
93|LOYALTY & RETENTIONS|ATHOMAS|01172023110451|TRANSFERRED|CALL|FAMILY PLAN MANAGER|559|186|PENDING RESOLUTION|0|SELF-HELP OPTION|BEST
94|TECHNICAL SUPPORT|VHERNANDEZ||TRANSFERRED|CALL|LONG-TERM CUSTOMER|355|28|PENDING RESOLUTION|0|SUPPORT TEAM INTERVENTION|NEUTRAL
33|SECURITY & PRIVACY|WLOPEZ|01242024110451|DROPPED|CALL|FAMILY PLAN MANAGER|410|128|TRANSFERRED TO ANOTHER QUEUE|0|SELF-HELP OPTION|BEST
95|HOME SERVICES|ATHOMAS|12272021110451|TRANSFERRED|CALL|FAMILY PLAN MANAGER|332|371|RESOLVED|0|SELF-HELP OPTION|NEUTRAL
96|LOYALTY & RETENTIONS|ATHOMAS|01242023110451|COMPLETED|CHAT|HEAVY DATA USER|142|380|PENDING RESOLUTION|1|SELF-HELP OPTION|NEUTRAL
97|NEW CUSTOMER ONBOARDING|UMARTINEZ|08272022110451|COMPLETED|CHAT|LONG-TERM CUSTOMER|199|51|RESOLVED|0|SELF-HELP OPTION|BAD
98|TECHNICAL SUPPORT|ZANDERSON|01172024110451|COMPLETED|CALL|FREQUENT TRAVELER|111|277|WORK IN PROGRESS|0|SELF-HELP OPTION|WORST
3|HOME SERVICES|ZANDERSON|08022023110451|COMPLETED|CHAT|BUDGET-CONSCIOUS CUSTOMER|500|379|PENDING CUSTOMER UPDATE|0|SELF-HELP OPTION|BEST
99|TECHNICAL SUPPORT|VHERNANDEZ|08162022110451|TRANSFERRED|CALL|FAMILY PLAN MANAGER|431|183|PENDING CUSTOMER UPDATE|0|SUPPORT TEAM INTERVENTION|WORST
100|ACCOUNT MANAGEMENT|TGARCIA|07162024110451|COMPLETED|CALL|BUSINESS OWNER|67|255|PENDING RESOLUTION|1|SELF-HELP OPTION|GOOD
70|HOME SERVICES|TGARCIA|03062023110451|DROPPED|CHAT|BUSINESS OWNER|90|166|RESOLVED|1|SUPPORT TEAM INTERVENTION|BAD
101|ACCOUNT MANAGEMENT|UMARTINEZ|12132023110451|DROPPED|CALL|LONG-TERM CUSTOMER|76|397|PENDING CUSTOMER UPDATE|1|SELF-HELP OPTION|NEUTRAL
102|PROMOTIONS & DISCOUNTS|XGONZALEZ|03202022110451|COMPLETED|CHAT|FREQUENT TRAVELER|465|111|PENDING CUSTOMER UPDATE|1|SELF-HELP OPTION|GOOD
103|LOYALTY & RETENTIONS|WLOPEZ|05212022110451|DROPPED|CHAT|FAMILY PLAN MANAGER|54|127|PENDING CUSTOMER UPDATE|0|SELF-HELP OPTION|BEST
104|LOYALTY & RETENTIONS|UMARTINEZ|09132022110451|DROPPED|CHAT|DEVICE ENTHUSIAST|533|21|WORK IN PROGRESS|0|SELF-HELP OPTION|GOOD
23|NEW CUSTOMER ONBOARDING|YWILSON|12042023110451|DROPPED|CALL|DEVICE ENTHUSIAST|440|507|TRANSFERRED TO ANOTHER QUEUE|0|SUPPORT TEAM INTERVENTION|GOOD
105|BUSINESS SERVICES|STHOMPSON|05302022110451|DROPPED|CALL|SENIOR CITIZEN|572|88|WORK IN PROGRESS|0|SELF-HELP OPTION|BEST
106|BUSINESS SERVICES|WLOPEZ|03222022110451|DROPPED|CHAT|FREQUENT TRAVELER|118|331|RESOLVED|0|SUPPORT TEAM INTERVENTION|WORST
44|SUPPORT OUTAGES|XGONZALEZ|07052022110451|COMPLETED|CHAT|SENIOR CITIZEN|44|564|TRANSFERRED TO ANOTHER QUEUE|1|SELF-HELP OPTION|NEUTRAL
107|ACCOUNT MANAGEMENT|WLOPEZ|05062023110451|DROPPED|CHAT|BUDGET-CONSCIOUS CUSTOMER|176|483|PENDING RESOLUTION|1|SELF-HELP OPTION|WORST
108|BUSINESS SERVICES|XGONZALEZ|05282024110451|DROPPED|CALL|NEW CUSTOMER|319|303|WORK IN PROGRESS|1|SUPPORT TEAM INTERVENTION|WORST
109|SUPPORT OUTAGES|YWILSON|12092022110451|TRANSFERRED|CHAT|FREQUENT TRAVELER|241|490|RESOLVED|1|SELF-HELP OPTION|WORST
110|ACCOUNT MANAGEMENT|YWILSON|08042023110451|TRANSFERRED|CHAT|HEAVY DATA USER|550|133|PENDING CUSTOMER UPDATE|0|SELF-HELP OPTION|NEUTRAL
111|SUPPORT OUTAGES|TGARCIA|02232022110451|TRANSFERRED|CALL|FAMILY PLAN MANAGER|17|294|PENDING CUSTOMER UPDATE|0|SUPPORT TEAM INTERVENTION|BAD
112|NEW CUSTOMER ONBOARDING|YWILSON|09032024110451|COMPLETED|CHAT|NEW CUSTOMER|247|245|PENDING RESOLUTION|1|SELF-HELP OPTION|BAD
113|SUPPORT OUTAGES|TGARCIA|07282022110451|COMPLETED|CALL|SENIOR CITIZEN|432|508|RESOLVED|0|SELF-HELP OPTION|NEUTRAL
114|SUPPORT OUTAGES|XGONZALEZ|09102024110451|COMPLETED|CALL|FREQUENT TRAVELER|46|414|PENDING CUSTOMER UPDATE|1|SUPPORT TEAM INTERVENTION|BAD
115|NEW CUSTOMER ONBOARDING|TGARCIA|08262023110451|TRANSFERRED|CALL|LONG-TERM CUSTOMER|316|339|WORK IN PROGRESS|0|SELF-HELP OPTION|WORST
116|TECHNICAL SUPPORT|STHOMPSON|04112023110451|DROPPED|CALL|FREQUENT TRAVELER|415|224|RESOLVED|0|SUPPORT TEAM INTERVENTION|NEUTRAL
117|MOBILE & WIRELESS SERVICES|EJONES|12232023110451|DROPPED|CHAT|BUSINESS OWNER|108|316|PENDING RESOLUTION|0|SELF-HELP OPTION|WORST
112|SUPPORT OUTAGES|ATHOMAS|06242022110451|TRANSFERRED|CHAT|SENIOR CITIZEN|172|53|PENDING RESOLUTION|0|SUPPORT TEAM INTERVENTION|GOOD
118|SUPPORT OUTAGES|ATHOMAS|08252023110451|DROPPED|CALL|SENIOR CITIZEN|330|154|TRANSFERRED TO ANOTHER QUEUE|1|SELF-HELP OPTION|NEUTRAL
119|SECURITY & PRIVACY|YWILSON|02092023110451|TRANSFERRED|CHAT|BUDGET-CONSCIOUS CUSTOMER|217|402|WORK IN PROGRESS|0|SUPPORT TEAM INTERVENTION|WORST
120|PROMOTIONS & DISCOUNTS|EJONES|03242022110451|COMPLETED|CALL|NEW CUSTOMER|385|262|PENDING CUSTOMER UPDATE|0|SUPPORT TEAM INTERVENTION|BAD
121|SUPPORT OUTAGES|EJONES|03272022110451|DROPPED|CHAT|TECH-SAVVY USER|401|483|PENDING CUSTOMER UPDATE|0|SUPPORT TEAM INTERVENTION|NEUTRAL
102|SUPPORT OUTAGES|UMARTINEZ|11142022110451|DROPPED|CHAT|FREQUENT TRAVELER|175|89|TRANSFERRED TO ANOTHER QUEUE|1|SUPPORT TEAM INTERVENTION|WORST
122|ACCOUNT MANAGEMENT|VHERNANDEZ|09022022110451|TRANSFERRED|CALL|FAMILY PLAN MANAGER|389|453|WORK IN PROGRESS|1|SUPPORT TEAM INTERVENTION|WORST
123|MOBILE & WIRELESS SERVICES|VHERNANDEZ|11272023110451|COMPLETED|CHAT|LONG-TERM CUSTOMER|248|81|PENDING CUSTOMER UPDATE|1|SELF-HELP OPTION|WORST
124|HOME SERVICES|TGARCIA|06132024110451|TRANSFERRED|CHAT|LONG-TERM CUSTOMER|11|407|PENDING CUSTOMER UPDATE|1|SELF-HELP OPTION|GOOD
125|SUPPORT OUTAGES|WLOPEZ|08012024110451|COMPLETED|CALL|TECH-SAVVY USER|354|208|TRANSFERRED TO ANOTHER QUEUE|0|SELF-HELP OPTION|BAD
126|LOYALTY & RETENTIONS|TGARCIA|12212022110451|DROPPED|CALL|FAMILY PLAN MANAGER|80|206|PENDING CUSTOMER UPDATE|1|SELF-HELP OPTION|NEUTRAL
39|SUPPORT OUTAGES|UMARTINEZ|12302021110451|TRANSFERRED|CHAT|BUSINESS OWNER|490|443|PENDING RESOLUTION|1|SELF-HELP OPTION|NEUTRAL
127|ACCOUNT MANAGEMENT|UMARTINEZ|01042022110451|DROPPED|CHAT|TECH-SAVVY USER|516|534|RESOLVED|1|SELF-HELP OPTION|GOOD
128|HOME SERVICES|ATHOMAS|04122022110451|TRANSFERRED|CHAT|FREQUENT TRAVELER|284|426|PENDING CUSTOMER UPDATE|1|SELF-HELP OPTION|NEUTRAL
129|PROMOTIONS & DISCOUNTS|STHOMPSON|05142024110451|COMPLETED|CHAT|FREQUENT TRAVELER|118|480|PENDING RESOLUTION|0|SUPPORT TEAM INTERVENTION|NEUTRAL
130|LOYALTY & RETENTIONS|ATHOMAS|10072023110451|DROPPED|CALL|HEAVY DATA USER|91|38|PENDING RESOLUTION|1|SELF-HELP OPTION|BAD
32|ACCOUNT MANAGEMENT|WLOPEZ|06232024110451|TRANSFERRED|CHAT|BUSINESS OWNER|196|78|RESOLVED|0|SELF-HELP OPTION|BAD
131|SECURITY & PRIVACY|ZANDERSON|04302022110451|DROPPED|CHAT|DEVICE ENTHUSIAST|540|400|WORK IN PROGRESS|0|SELF-HELP OPTION|GOOD
132|BUSINESS SERVICES|VHERNANDEZ|10232022110451|TRANSFERRED|CALL|SENIOR CITIZEN|310|516|WORK IN PROGRESS|0|SELF-HELP OPTION|NEUTRAL
133|MOBILE & WIRELESS SERVICES|ZANDERSON|02032022110451||CHAT|FREQUENT TRAVELER|276|345|RESOLVED|0|SUPPORT TEAM INTERVENTION|NEUTRAL
115|NEW CUSTOMER ONBOARDING|WLOPEZ|11072023110451|TRANSFERRED|CALL|FREQUENT TRAVELER|403|155|WORK IN PROGRESS|0|SUPPORT TEAM INTERVENTION|BAD
134|SECURITY & PRIVACY|UMARTINEZ|07192022110451|TRANSFERRED|CALL|SENIOR CITIZEN|280|508|PENDING CUSTOMER UPDATE|0|SUPPORT TEAM INTERVENTION|GOOD
135|HOME SERVICES|VHERNANDEZ|11012022110451|DROPPED|CHAT|BUSINESS OWNER|215|499|WORK IN PROGRESS|0|SUPPORT TEAM INTERVENTION|BEST
136|ACCOUNT MANAGEMENT|UMARTINEZ|10182023110451|TRANSFERRED|CHAT|NEW CUSTOMER|539|408|RESOLVED|0|SUPPORT TEAM INTERVENTION|GOOD
137|ACCOUNT MANAGEMENT|UMARTINEZ|01302024110451|TRANSFERRED|CHAT|FREQUENT TRAVELER|10|282|RESOLVED|0|SUPPORT TEAM INTERVENTION|BAD
138|TECHNICAL SUPPORT|EJONES|11152022110451|COMPLETED|CALL|FREQUENT TRAVELER|117|322|PENDING RESOLUTION|0|SUPPORT TEAM INTERVENTION|NEUTRAL
139|ACCOUNT MANAGEMENT|TGARCIA|04152022110451|TRANSFERRED|CHAT|TECH-SAVVY USER|363|126|WORK IN PROGRESS|0|SELF-HELP OPTION|NEUTRAL
140|MOBILE & WIRELESS SERVICES|STHOMPSON|11142022110451|DROPPED|CALL|BUDGET-CONSCIOUS CUSTOMER|566|82|TRANSFERRED TO ANOTHER QUEUE|0|SELF-HELP OPTION|BAD
141|NEW CUSTOMER ONBOARDING||02082024110451|DROPPED|CALL|DEVICE ENTHUSIAST|51|468|PENDING RESOLUTION|0|SUPPORT TEAM INTERVENTION|BAD
142|TECHNICAL SUPPORT|UMARTINEZ|05202022110451|TRANSFERRED|CALL|HEAVY DATA USER|453|284|RESOLVED|1|SUPPORT TEAM INTERVENTION|GOOD
27|BUSINESS SERVICES|TGARCIA|11142022110451|DROPPED|CALL|FAMILY PLAN MANAGER|423|90|TRANSFERRED TO ANOTHER QUEUE|0|SUPPORT TEAM INTERVENTION|GOOD
143|SUPPORT OUTAGES|VHERNANDEZ|05202022110451|COMPLETED|CHAT|TECH-SAVVY USER|283|35|PENDING RESOLUTION|0|SELF-HELP OPTION|BEST
144|BUSINESS SERVICES|VHERNANDEZ|03282022110451|TRANSFERRED|CALL|HEAVY DATA USER|315|392|PENDING RESOLUTION|0|SELF-HELP OPTION|WORST
145|BUSINESS SERVICES|VHERNANDEZ|06262022110451|DROPPED|CHAT|FAMILY PLAN MANAGER|24|89|PENDING CUSTOMER UPDATE|0|SUPPORT TEAM INTERVENTION|WORST
146|TECHNICAL SUPPORT|UMARTINEZ|07072023110451|COMPLETED|CALL|BUSINESS OWNER|398|254|PENDING CUSTOMER UPDATE|0|SELF-HELP OPTION|BEST
147|HOME SERVICES|STHOMPSON|03052024110451|TRANSFERRED|CALL|LONG-TERM CUSTOMER|344|480|PENDING CUSTOMER UPDATE|0|SUPPORT TEAM INTERVENTION|BEST
148|BUSINESS SERVICES|ZANDERSON|12242022110451|COMPLETED|CHAT|FREQUENT TRAVELER|542|509|RESOLVED|0|SELF-HELP OPTION|NEUTRAL
149|NEW CUSTOMER ONBOARDING|TGARCIA|12292022110451|DROPPED|CHAT|FREQUENT TRAVELER|544|220|PENDING RESOLUTION|1|SUPPORT TEAM INTERVENTION|BEST
150|LOYALTY & RETENTIONS|YWILSON|11022022110451|COMPLETED|CHAT|TECH-SAVVY USER|370|254|TRANSFERRED TO ANOTHER QUEUE|0|SUPPORT TEAM INTERVENTION|GOOD
151|SECURITY & PRIVACY|ATHOMAS|12022022110451|TRANSFERRED|CALL|BUDGET-CONSCIOUS CUSTOMER|227|539|PENDING RESOLUTION|0|SUPPORT TEAM INTERVENTION|NEUTRAL
152|LOYALTY & RETENTIONS|VHERNANDEZ|01312023110451|TRANSFERRED|CHAT|BUDGET-CONSCIOUS CUSTOMER|352|278|PENDING RESOLUTION|1|SUPPORT TEAM INTERVENTION|NEUTRAL
153|BUSINESS SERVICES|ZANDERSON||DROPPED|CALL|BUSINESS OWNER|40|503|PENDING CUSTOMER UPDATE|1|SELF-HELP OPTION|WORST
154|BUSINESS SERVICES|EJONES|10142022110451|DROPPED|CHAT|TECH-SAVVY USER|346|22|RESOLVED|0|SELF-HELP OPTION|BEST
23|NEW CUSTOMER ONBOARDING|VHERNANDEZ|05312023110451|DROPPED|CHAT|FAMILY PLAN MANAGER|132|315|PENDING RESOLUTION|0|SUPPORT TEAM INTERVENTION|WORST
155|PROMOTIONS & DISCOUNTS|EJONES|08172024110451|DROPPED|CALL|FAMILY PLAN MANAGER|91|379|WORK IN PROGRESS|0|SELF-HELP OPTION|GOOD
128|SUPPORT OUTAGES|VHERNANDEZ|07262022110451|DROPPED|CHAT|NEW CUSTOMER|550|268|RESOLVED|0|SELF-HELP OPTION|GOOD
156|HOME SERVICES|YWILSON|09262022110451|TRANSFERRED|CHAT|TECH-SAVVY USER|322|503|PENDING RESOLUTION|1|SUPPORT TEAM INTERVENTION|BAD
157|BUSINESS SERVICES|VHERNANDEZ|09172022110451|COMPLETED|CHAT|FREQUENT TRAVELER|585|167|RESOLVED|1|SELF-HELP OPTION|WORST
158|LOYALTY & RETENTIONS|VHERNANDEZ|03072024110451|DROPPED|CALL|DEVICE ENTHUSIAST|61|298|TRANSFERRED TO ANOTHER QUEUE|1|SUPPORT TEAM INTERVENTION|NEUTRAL
159|NEW CUSTOMER ONBOARDING|STHOMPSON|03242023110451|DROPPED|CHAT|LONG-TERM CUSTOMER|104|250|PENDING RESOLUTION|1|SUPPORT TEAM INTERVENTION|WORST
160|PROMOTIONS & DISCOUNTS|EJONES|06042024110451|DROPPED|CALL|BUDGET-CONSCIOUS CUSTOMER|445|28||1|SELF-HELP OPTION|WORST
161|NEW CUSTOMER ONBOARDING|ATHOMAS|09222022110451|TRANSFERRED|CALL|DEVICE ENTHUSIAST|141|572|PENDING CUSTOMER UPDATE|0|SELF-HELP OPTION|BEST
162|BUSINESS SERVICES|VHERNANDEZ|06042022110451|DROPPED|CALL|HEAVY DATA USER|301|39|WORK IN PROGRESS|0|SUPPORT TEAM INTERVENTION|BAD
163|NEW CUSTOMER ONBOARDING|WLOPEZ|01112024110451|DROPPED|CALL|HEAVY DATA USER|137|489|WORK IN PROGRESS|1|SELF-HELP OPTION|NEUTRAL
164|ACCOUNT MANAGEMENT|VHERNANDEZ|05162024110451|TRANSFERRED|CHAT|TECH-SAVVY USER|490|230|WORK IN PROGRESS|1|SUPPORT TEAM INTERVENTION|GOOD
165|SECURITY & PRIVACY|WLOPEZ|05262023110451|DROPPED|CALL|BUDGET-CONSCIOUS CUSTOMER|328|131|RESOLVED|0|SELF-HELP OPTION|BEST
166|TECHNICAL SUPPORT|WLOPEZ|10182022110451|TRANSFERRED|CHAT|DEVICE ENTHUSIAST|32|344|WORK IN PROGRESS|0|SUPPORT TEAM INTERVENTION|BAD
167|TECHNICAL SUPPORT|EJONES|11052022110451||CHAT|BUSINESS OWNER|426|279|PENDING RESOLUTION|0|SUPPORT TEAM INTERVENTION|GOOD
168|SECURITY & PRIVACY|TGARCIA|12272021110451|TRANSFERRED|CHAT|FREQUENT TRAVELER|267|111|PENDING CUSTOMER UPDATE|1|SUPPORT TEAM INTERVENTION|BAD
93|BUSINESS SERVICES|WLOPEZ|02092022110451|COMPLETED|CALL|SENIOR CITIZEN|332|154|TRANSFERRED TO ANOTHER QUEUE|1|SELF-HELP OPTION|BEST
169|ACCOUNT MANAGEMENT|TGARCIA|03162024110451|COMPLETED|CHAT|LONG-TERM CUSTOMER|86|241|PENDING RESOLUTION|0|SELF-HELP OPTION|NEUTRAL
170|ACCOUNT MANAGEMENT|ZANDERSON|07262023110451|TRANSFERRED|CHAT|HEAVY DATA USER|209|312|PENDING RESOLUTION|0|SUPPORT TEAM INTERVENTION|BEST
171|NEW CUSTOMER ONBOARDING|WLOPEZ|02242022110451|TRANSFERRED|CALL|HEAVY DATA USER|257|220|WORK IN PROGRESS|0|SUPPORT TEAM INTERVENTION|GOOD
96|SECURITY & PRIVACY|ZANDERSON|10192022110451|DROPPED|CALL|HEAVY DATA USER|390|575|PENDING RESOLUTION|0|SUPPORT TEAM INTERVENTION|BAD
172|LOYALTY & RETENTIONS|ATHOMAS|03232024110451|TRANSFERRED|CALL|FAMILY PLAN MANAGER|99|142|TRANSFERRED TO ANOTHER QUEUE|1|SUPPORT TEAM INTERVENTION|GOOD
173|PROMOTIONS & DISCOUNTS|ATHOMAS|08092024110451|TRANSFERRED|CHAT|BUSINESS OWNER|550|357|WORK IN PROGRESS|1|SUPPORT TEAM INTERVENTION|WORST
87|SECURITY & PRIVACY|ZANDERSON|04192024110451|DROPPED|CHAT|BUSINESS OWNER|580|589|WORK IN PROGRESS|1|SUPPORT TEAM INTERVENTION|GOOD
174|ACCOUNT MANAGEMENT|YWILSON|09062023110451|DROPPED|CALL|NEW CUSTOMER|432|58|PENDING RESOLUTION|0|SUPPORT TEAM INTERVENTION|BAD
175|TECHNICAL SUPPORT|STHOMPSON|11222023110451|COMPLETED|CALL|SENIOR CITIZEN|523|574|PENDING RESOLUTION|0|SUPPORT TEAM INTERVENTION|BAD
176|TECHNICAL SUPPORT|YWILSON|02172022110451|COMPLETED|CHAT|DEVICE ENTHUSIAST|569|223|PENDING RESOLUTION|0||BAD
12|BUSINESS SERVICES|STHOMPSON|06112023110451|DROPPED|CHAT|NEW CUSTOMER|506|509|TRANSFERRED TO ANOTHER QUEUE|0|SUPPORT TEAM INTERVENTION|BAD
177|LOYALTY & RETENTIONS|XGONZALEZ|06132023110451|TRANSFERRED|CALL|FREQUENT TRAVELER|459|417|WORK IN PROGRESS|0|SUPPORT TEAM INTERVENTION|GOOD
178|TECHNICAL SUPPORT|XGONZALEZ|05012024110451|COMPLETED|CHAT|SENIOR CITIZEN|551|341|RESOLVED|0|SUPPORT TEAM INTERVENTION|GOOD
75|ACCOUNT MANAGEMENT|VHERNANDEZ|06142022110451|DROPPED|CALL|DEVICE ENTHUSIAST|375|315|TRANSFERRED TO ANOTHER QUEUE|1|SELF-HELP OPTION|WORST
179|SECURITY & PRIVACY|TGARCIA|11282023110451|COMPLETED|CALL|SENIOR CITIZEN|349|468|PENDING CUSTOMER UPDATE|0|SELF-HELP OPTION|BAD
10|PROMOTIONS & DISCOUNTS|ZANDERSON|03272024110451|TRANSFERRED|CALL|SENIOR CITIZEN|540|455|PENDING RESOLUTION|1|SUPPORT TEAM INTERVENTION|WORST
180|SECURITY & PRIVACY|WLOPEZ|08162022110451|TRANSFERRED|CALL|NEW CUSTOMER|345|545|PENDING RESOLUTION|0|SUPPORT TEAM INTERVENTION|WORST
181|NEW CUSTOMER ONBOARDING|YWILSON|10182022110451|DROPPED|CALL|LONG-TERM CUSTOMER|512|579|TRANSFERRED TO ANOTHER QUEUE|0|SUPPORT TEAM INTERVENTION|NEUTRAL
182|HOME SERVICES|WLOPEZ|02032022110451|TRANSFERRED|CALL|DEVICE ENTHUSIAST|169|30|PENDING RESOLUTION|0|SUPPORT TEAM INTERVENTION|NEUTRAL
183|LOYALTY & RETENTIONS|STHOMPSON|05252022110451|DROPPED|CALL|HEAVY DATA USER|80|130|TRANSFERRED TO ANOTHER QUEUE|0|SELF-HELP OPTION|
184|NEW CUSTOMER ONBOARDING|VHERNANDEZ|01192023110451|TRANSFERRED|CHAT|BUDGET-CONSCIOUS CUSTOMER|424|435|RESOLVED|0|SELF-HELP OPTION|NEUTRAL
185|NEW CUSTOMER ONBOARDING|TGARCIA|04272024110451|COMPLETED|CALL|NEW CUSTOMER|448|189|WORK IN PROGRESS|1|SUPPORT TEAM INTERVENTION|GOOD
186|MOBILE & WIRELESS SERVICES|XGONZALEZ|09272023110451|COMPLETED|CHAT|FAMILY PLAN MANAGER|585|153|TRANSFERRED TO ANOTHER QUEUE|0|SELF-HELP OPTION|GOOD
187|LOYALTY & RETENTIONS|TGARCIA|04082023110451|DROPPED|CHAT|NEW CUSTOMER|354|337|WORK IN PROGRESS|1|SUPPORT TEAM INTERVENTION|NEUTRAL
20|ACCOUNT MANAGEMENT|TGARCIA|05022022110451|COMPLETED|CHAT|DEVICE ENTHUSIAST|285|87|PENDING RESOLUTION|0|SUPPORT TEAM INTERVENTION|GOOD
188|PROMOTIONS & DISCOUNTS|ATHOMAS|02182022110451|COMPLETED|CHAT|BUSINESS OWNER|276|191|WORK IN PROGRESS|1|SUPPORT TEAM INTERVENTION|BAD
116|LOYALTY & RETENTIONS|TGARCIA|08032023110451|COMPLETED|CALL|DEVICE ENTHUSIAST|335|144|TRANSFERRED TO ANOTHER QUEUE|0|SUPPORT TEAM INTERVENTION|NEUTRAL
189|SECURITY & PRIVACY|EJONES|10232023110451|DROPPED|CHAT|LONG-TERM CUSTOMER|270|166|PENDING RESOLUTION|1|SELF-HELP OPTION|NEUTRAL
190|HOME SERVICES|ATHOMAS|01102024110451|COMPLETED|CHAT|HEAVY DATA USER|37|87|WORK IN PROGRESS|0|SELF-HELP OPTION|BEST
191|SECURITY & PRIVACY|STHOMPSON|01262022110451|DROPPED|CALL|FREQUENT TRAVELER|227|513|PENDING CUSTOMER UPDATE|0|SELF-HELP OPTION|NEUTRAL
192|SECURITY & PRIVACY|XGONZALEZ|12222022110451|COMPLETED|CALL|FREQUENT TRAVELER|78|289|WORK IN PROGRESS|1|SELF-HELP OPTION|WORST
193|HOME SERVICES|ZANDERSON|04092024110451|TRANSFERRED|CALL|BUSINESS OWNER|58|81|PENDING CUSTOMER UPDATE|0|SELF-HELP OPTION|GOOD
194|TECHNICAL SUPPORT|WLOPEZ|03122023110451|DROPPED|CHAT|LONG-TERM CUSTOMER|54|410|PENDING CUSTOMER UPDATE|1|SELF-HELP OPTION|WORST
195|HOME SERVICES|WLOPEZ|08182024110451|TRANSFERRED|CHAT|TECH-SAVVY USER|306|192|PENDING RESOLUTION|0|SUPPORT TEAM INTERVENTION|NEUTRAL
196|TECHNICAL SUPPORT|YWILSON|04302024110451|DROPPED|CALL|SENIOR CITIZEN|455|76|PENDING RESOLUTION|0|SUPPORT TEAM INTERVENTION|NEUTRAL
197|SECURITY & PRIVACY|TGARCIA|03212023110451|COMPLETED|CHAT|BUDGET-CONSCIOUS CUSTOMER|306|138|TRANSFERRED TO ANOTHER QUEUE|0|SUPPORT TEAM INTERVENTION|WORST
198|HOME SERVICES|EJONES|11102023110451|DROPPED|CALL|SENIOR CITIZEN|111|254|TRANSFERRED TO ANOTHER QUEUE|1|SELF-HELP OPTION|
25|SECURITY & PRIVACY|STHOMPSON|06262023110451|TRANSFERRED|CALL|SENIOR CITIZEN|528|60|RESOLVED|1|SELF-HELP OPTION|GOOD
199|MOBILE & WIRELESS SERVICES|EJONES|05022022110451|TRANSFERRED|CHAT|LONG-TERM CUSTOMER|403|567|RESOLVED|0|SUPPORT TEAM INTERVENTION|BAD
43|BUSINESS SERVICES|STHOMPSON|12042022110451|DROPPED|CHAT|LONG-TERM CUSTOMER|343|516|TRANSFERRED TO ANOTHER QUEUE|1|SUPPORT TEAM INTERVENTION|BEST
200|MOBILE & WIRELESS SERVICES|WLOPEZ|04152023110451|COMPLETED|CALL|DEVICE ENTHUSIAST|158|137|PENDING RESOLUTION|0|SELF-HELP OPTION|NEUTRAL
201|ACCOUNT MANAGEMENT|XGONZALEZ|02222024110451|DROPPED|CALL|BUSINESS OWNER|370|53|TRANSFERRED TO ANOTHER QUEUE|0|SUPPORT TEAM INTERVENTION|WORST
190|LOYALTY & RETENTIONS|TGARCIA|12172021110451|DROPPED|CALL|BUSINESS OWNER|131|544|WORK IN PROGRESS|1|SUPPORT TEAM INTERVENTION|BEST
202|NEW CUSTOMER ONBOARDING|EJONES|01212024110451|COMPLETED|CALL|BUDGET-CONSCIOUS CUSTOMER|82|379|PENDING CUSTOMER UPDATE|0|SUPPORT TEAM INTERVENTION|GOOD
203|TECHNICAL SUPPORT|VHERNANDEZ|01132023110451|TRANSFERRED|CHAT||335|570|RESOLVED|0|SUPPORT TEAM INTERVENTION|WORST
204|NEW CUSTOMER ONBOARDING|UMARTINEZ|07192024110451|DROPPED|CHAT|NEW CUSTOMER|88|215|RESOLVED|1|SELF-HELP OPTION|BAD
205|SUPPORT OUTAGES|WLOPEZ|01162024110451|COMPLETED|CALL|TECH-SAVVY USER|314|558|RESOLVED||SELF-HELP OPTION|BEST
206|PROMOTIONS & DISCOUNTS|UMARTINEZ|04202023110451|DROPPED|CHAT|BUDGET-CONSCIOUS CUSTOMER|421|153|TRANSFERRED TO ANOTHER QUEUE|0|SELF-HELP OPTION|GOOD
207|TECHNICAL SUPPORT|ZANDERSON|01062023110451|COMPLETED|CHAT|HEAVY DATA USER|248|532|PENDING CUSTOMER UPDATE|0|SELF-HELP OPTION|BEST
208|MOBILE & WIRELESS SERVICES|XGONZALEZ|07282022110451|DROPPED|CHAT|DEVICE ENTHUSIAST|211|439|PENDING RESOLUTION|0|SELF-HELP OPTION|BAD
209|SUPPORT OUTAGES|VHERNANDEZ|12252023110451|DROPPED|CHAT|TECH-SAVVY USER|64|431|PENDING CUSTOMER UPDATE|0|SUPPORT TEAM INTERVENTION|BAD
210|LOYALTY & RETENTIONS|STHOMPSON|09202023110451|COMPLETED|CHAT|FAMILY PLAN MANAGER|140|467|WORK IN PROGRESS|0|SUPPORT TEAM INTERVENTION|BAD
211|SUPPORT OUTAGES|ZANDERSON|01242024110451|TRANSFERRED|CALL|BUDGET-CONSCIOUS CUSTOMER|452|241|RESOLVED|0|SUPPORT TEAM INTERVENTION|BEST
212|TECHNICAL SUPPORT|ATHOMAS|08302024110451|TRANSFERRED|CHAT|NEW CUSTOMER|237|147|PENDING CUSTOMER UPDATE|0|SELF-HELP OPTION|WORST
213|LOYALTY & RETENTIONS|YWILSON|02122024110451|TRANSFERRED|CALL|FAMILY PLAN MANAGER|98||TRANSFERRED TO ANOTHER QUEUE|0|SELF-HELP OPTION|BEST
214|ACCOUNT MANAGEMENT|UMARTINEZ|03092024110451|COMPLETED|CHAT|LONG-TERM CUSTOMER|431|400|PENDING CUSTOMER UPDATE|0|SELF-HELP OPTION|BEST
215|HOME SERVICES|ATHOMAS|07172024110451|COMPLETED|CHAT|TECH-SAVVY USER|54|322|RESOLVED|1|SUPPORT TEAM INTERVENTION|BAD
216|LOYALTY & RETENTIONS|XGONZALEZ|10172023110451|DROPPED|CALL|BUDGET-CONSCIOUS CUSTOMER|565|258|TRANSFERRED TO ANOTHER QUEUE|0|SUPPORT TEAM INTERVENTION|WORST
49|MOBILE & WIRELESS SERVICES|ZANDERSON|04022024110451|COMPLETED|CALL|HEAVY DATA USER|116|144|TRANSFERRED TO ANOTHER QUEUE|1|SUPPORT TEAM INTERVENTION|BEST
217|HOME SERVICES|WLOPEZ|11082023110451|DROPPED|CHAT|FREQUENT TRAVELER|314|123|WORK IN PROGRESS|0|SUPPORT TEAM INTERVENTION|WORST
218|ACCOUNT MANAGEMENT||01112024110451|TRANSFERRED|CALL|DEVICE ENTHUSIAST|312|180|RESOLVED|1|SELF-HELP OPTION|BEST
219|MOBILE & WIRELESS SERVICES|STHOMPSON|07312022110451|TRANSFERRED|CHAT|BUDGET-CONSCIOUS CUSTOMER|444|208|TRANSFERRED TO ANOTHER QUEUE|1|SELF-HELP OPTION|BAD
220|NEW CUSTOMER ONBOARDING|XGONZALEZ|10222022110451|COMPLETED|CHAT|DEVICE ENTHUSIAST|347|468|TRANSFERRED TO ANOTHER QUEUE|0|SELF-HELP OPTION|BEST
221|TECHNICAL SUPPORT|ATHOMAS|02222022110451||CHAT|NEW CUSTOMER|133|390|PENDING CUSTOMER UPDATE|1|SELF-HELP OPTION|NEUTRAL
222|MOBILE & WIRELESS SERVICES|VHERNANDEZ|01202022110451|DROPPED|CHAT|BUSINESS OWNER|33|396|RESOLVED|0|SELF-HELP OPTION|GOOD
223|ACCOUNT MANAGEMENT|WLOPEZ|06272022110451|COMPLETED|CHAT|FREQUENT TRAVELER|506|278|PENDING CUSTOMER UPDATE|1|SUPPORT TEAM INTERVENTION|BAD
224|TECHNICAL SUPPORT|YWILSON|01072022110451|DROPPED|CHAT|BUSINESS OWNER|467|242|PENDING CUSTOMER UPDATE|1|SUPPORT TEAM INTERVENTION|WORST
225|LOYALTY & RETENTIONS|ATHOMAS|04192022110451|DROPPED|CALL|BUSINESS OWNER|418|539|RESOLVED|0|SUPPORT TEAM INTERVENTION|BEST
226|PROMOTIONS & DISCOUNTS|STHOMPSON|03112022110451|COMPLETED|CHAT|FREQUENT TRAVELER|329|276|RESOLVED|0|SUPPORT TEAM INTERVENTION|NEUTRAL
227|ACCOUNT MANAGEMENT|ZANDERSON|10082022110451|DROPPED|CHAT|BUDGET-CONSCIOUS CUSTOMER|299|146|PENDING RESOLUTION|1|SELF-HELP OPTION|
228|ACCOUNT MANAGEMENT|EJONES|04232022110451|COMPLETED|CALL|BUSINESS OWNER|578|126|RESOLVED|1|SELF-HELP OPTION|BEST
229|BUSINESS SERVICES|YWILSON|03162023110451|TRANSFERRED|CHAT|BUDGET-CONSCIOUS CUSTOMER|249|293|PENDING CUSTOMER UPDATE|1|SELF-HELP OPTION|BEST
230|HOME SERVICES|STHOMPSON|08022024110451|TRANSFERRED|CALL|SENIOR CITIZEN|458|546|TRANSFERRED TO ANOTHER QUEUE|0|SUPPORT TEAM INTERVENTION|BAD
231|SECURITY & PRIVACY|XGONZALEZ|02132024110451|TRANSFERRED|CHAT|LONG-TERM CUSTOMER|243|384|WORK IN PROGRESS|0|SUPPORT TEAM INTERVENTION|WORST
232|PROMOTIONS & DISCOUNTS|YWILSON|09162023110451|DROPPED|CHAT|TECH-SAVVY USER|406|439|TRANSFERRED TO ANOTHER QUEUE|0|SUPPORT TEAM INTERVENTION|NEUTRAL
233|HOME SERVICES|STHOMPSON|05172023110451|TRANSFERRED|CALL|BUDGET-CONSCIOUS CUSTOMER|466|461|TRANSFERRED TO ANOTHER QUEUE|1|SUPPORT TEAM INTERVENTION|BAD
234|PROMOTIONS & DISCOUNTS|STHOMPSON|01272024110451|DROPPED|CHAT||305|534|TRANSFERRED TO ANOTHER QUEUE|1|SUPPORT TEAM INTERVENTION|GOOD
235|LOYALTY & RETENTIONS|EJONES|04012024110451|DROPPED|CHAT|BUSINESS OWNER|70|506|TRANSFERRED TO ANOTHER QUEUE|0|SUPPORT TEAM INTERVENTION|GOOD
236|ACCOUNT MANAGEMENT|TGARCIA|06232023110451|COMPLETED|CHAT|NEW CUSTOMER|363|515|PENDING CUSTOMER UPDATE|0|SUPPORT TEAM INTERVENTION|BEST
237|NEW CUSTOMER ONBOARDING|UMARTINEZ|05272024110451|DROPPED|CHAT|LONG-TERM CUSTOMER|33|248|WORK IN PROGRESS|0|SELF-HELP OPTION|GOOD
238|TECHNICAL SUPPORT|STHOMPSON||COMPLETED|CHAT|NEW CUSTOMER|98|24|RESOLVED|0|SUPPORT TEAM INTERVENTION|BEST
239|HOME SERVICES|STHOMPSON|01292024110451|TRANSFERRED|CALL|NEW CUSTOMER|289|226|RESOLVED|1|SUPPORT TEAM INTERVENTION|WORST
240|HOME SERVICES|STHOMPSON|06222022110451|TRANSFERRED|CALL|BUDGET-CONSCIOUS CUSTOMER|561|578|PENDING RESOLUTION|0|SUPPORT TEAM INTERVENTION|NEUTRAL
241|HOME SERVICES|ZANDERSON|03292024110451|TRANSFERRED|CALL|SENIOR CITIZEN|582|115|PENDING CUSTOMER UPDATE|0|SELF-HELP OPTION|NEUTRAL
242|MOBILE & WIRELESS SERVICES|STHOMPSON|11152023110451|COMPLETED|CHAT|FREQUENT TRAVELER|128|472|PENDING CUSTOMER UPDATE|1|SELF-HELP OPTION|GOOD
243|PROMOTIONS & DISCOUNTS|VHERNANDEZ|03202022110451|COMPLETED|CALL|HEAVY DATA USER|346|508|PENDING RESOLUTION|0|SELF-HELP OPTION|GOOD
244|MOBILE & WIRELESS SERVICES|YWILSON|08042023110451|TRANSFERRED|CALL|HEAVY DATA USER|549|419|PENDING CUSTOMER UPDATE|0|SELF-HELP OPTION|BAD
245|TECHNICAL SUPPORT|ZANDERSON|12072022110451|COMPLETED|CALL|SENIOR CITIZEN|305|176|RESOLVED|1|SUPPORT TEAM INTERVENTION|BEST
164|LOYALTY & RETENTIONS|ZANDERSON|07262023110451|DROPPED|CHAT|HEAVY DATA USER|363|166|TRANSFERRED TO ANOTHER QUEUE|1|SELF-HELP OPTION|BAD
246|PROMOTIONS & DISCOUNTS|ATHOMAS|05102024110451|COMPLETED|CHAT|FAMILY PLAN MANAGER|376|588|PENDING RESOLUTION|1|SELF-HELP OPTION|BEST
247|PROMOTIONS & DISCOUNTS|ZANDERSON|08032022110451|COMPLETED|CALL|BUDGET-CONSCIOUS CUSTOMER|164|401|WORK IN PROGRESS|1|SUPPORT TEAM INTERVENTION|GOOD
131|LOYALTY & RETENTIONS|YWILSON|06022023110451|TRANSFERRED|CHAT|NEW CUSTOMER|586|186|PENDING CUSTOMER UPDATE|1|SUPPORT TEAM INTERVENTION|NEUTRAL
248|HOME SERVICES|TGARCIA|02232024110451|DROPPED|CALL|DEVICE ENTHUSIAST|409|42|PENDING CUSTOMER UPDATE|0|SUPPORT TEAM INTERVENTION|BEST
249|PROMOTIONS & DISCOUNTS|VHERNANDEZ|12232022110451|COMPLETED|CHAT|DEVICE ENTHUSIAST|133|398|PENDING RESOLUTION|1|SUPPORT TEAM INTERVENTION|GOOD
250|NEW CUSTOMER ONBOARDING|VHERNANDEZ|12252022110451|COMPLETED|CHAT|FAMILY PLAN MANAGER|203|36|TRANSFERRED TO ANOTHER QUEUE|1|SUPPORT TEAM INTERVENTION|WORST
99|PROMOTIONS & DISCOUNTS|YWILSON|12012023110451|TRANSFERRED|CALL|SENIOR CITIZEN|95|293|PENDING RESOLUTION|1|SUPPORT TEAM INTERVENTION|BAD
251|NEW CUSTOMER ONBOARDING|UMARTINEZ|04022022110451|COMPLETED|CHAT|FAMILY PLAN MANAGER|117|429|RESOLVED|1|SUPPORT TEAM INTERVENTION|NEUTRAL
252|NEW CUSTOMER ONBOARDING|WLOPEZ|03102023110451|DROPPED|CALL|BUSINESS OWNER|310|539|TRANSFERRED TO ANOTHER QUEUE|1|SUPPORT TEAM INTERVENTION|NEUTRAL
253|PROMOTIONS & DISCOUNTS|ZANDERSON|10202022110451|DROPPED|CALL|FREQUENT TRAVELER|385|443|PENDING RESOLUTION|0|SELF-HELP OPTION|WORST
221|LOYALTY & RETENTIONS|UMARTINEZ|05222024110451|COMPLETED|CALL|HEAVY DATA USER|101|286|PENDING RESOLUTION|1|SUPPORT TEAM INTERVENTION|BAD
254|HOME SERVICES|WLOPEZ|06092022110451|TRANSFERRED|CALL|BUSINESS OWNER|75|530|WORK IN PROGRESS|0|SUPPORT TEAM INTERVENTION|GOOD
255|BUSINESS SERVICES|TGARCIA|06122024110451|TRANSFERRED|CALL|LONG-TERM CUSTOMER|169|594|WORK IN PROGRESS|0|SUPPORT TEAM INTERVENTION|BEST
186|PROMOTIONS & DISCOUNTS|TGARCIA|09222022110451|TRANSFERRED|CHAT|NEW CUSTOMER|342|96|PENDING RESOLUTION|0|SELF-HELP OPTION|WORST
256|HOME SERVICES|YWILSON|02142023110451|COMPLETED|CALL|TECH-SAVVY USER|295|218|RESOLVED|0|SUPPORT TEAM INTERVENTION|NEUTRAL
257|HOME SERVICES|VHERNANDEZ|04162022110451|TRANSFERRED|CHAT|BUSINESS OWNER|69|339|RESOLVED|0|SUPPORT TEAM INTERVENTION|WORST
55|MOBILE & WIRELESS SERVICES|YWILSON|02232022110451|COMPLETED|CALL|FAMILY PLAN MANAGER|239|346|RESOLVED|0|SUPPORT TEAM INTERVENTION|WORST
258|TECHNICAL SUPPORT|YWILSON|05192024110451|DROPPED|CALL|SENIOR CITIZEN|407|352|TRANSFERRED TO ANOTHER QUEUE|0|SELF-HELP OPTION|BAD
259|MOBILE & WIRELESS SERVICES|EJONES|03032022110451|TRANSFERRED|CHAT|FAMILY PLAN MANAGER|487|419|PENDING CUSTOMER UPDATE|1|SELF-HELP OPTION|BAD
260|ACCOUNT MANAGEMENT|UMARTINEZ|04302024110451|COMPLETED|CHAT|LONG-TERM CUSTOMER|241|303|PENDING RESOLUTION|0|SELF-HELP OPTION|BEST
261|MOBILE & WIRELESS SERVICES|ATHOMAS|02232023110451|DROPPED|CALL|TECH-SAVVY USER|373|265|PENDING CUSTOMER UPDATE|1|SELF-HELP OPTION|BEST
216|LOYALTY & RETENTIONS|EJONES|03082023110451|DROPPED|CALL|FAMILY PLAN MANAGER|373|41|TRANSFERRED TO ANOTHER QUEUE|0|SUPPORT TEAM INTERVENTION|WORST
262||UMARTINEZ|10182023110451|TRANSFERRED|CALL|NEW CUSTOMER|508|362|RESOLVED|0|SELF-HELP OPTION|BEST
263|NEW CUSTOMER ONBOARDING|TGARCIA|06192023110451|DROPPED|CHAT|BUSINESS OWNER|576|187|PENDING RESOLUTION|0|SELF-HELP OPTION|NEUTRAL
264|LOYALTY & RETENTIONS|UMARTINEZ|10312022110451|DROPPED|CHAT|LONG-TERM CUSTOMER|406|250|TRANSFERRED TO ANOTHER QUEUE|1|SUPPORT TEAM INTERVENTION|NEUTRAL
9|SECURITY & PRIVACY|ATHOMAS|10272022110451|DROPPED|CALL|HEAVY DATA USER|346|571|TRANSFERRED TO ANOTHER QUEUE|0|SUPPORT TEAM INTERVENTION|WORST
265|BUSINESS SERVICES|TGARCIA|09192023110451|DROPPED|CHAT|DEVICE ENTHUSIAST|137|203|TRANSFERRED TO ANOTHER QUEUE|0|SELF-HELP OPTION|BAD
105|NEW CUSTOMER ONBOARDING|ZANDERSON|02252023110451|DROPPED|CALL|DEVICE ENTHUSIAST|234|178|PENDING RESOLUTION|0|SELF-HELP OPTION|BEST
266|PROMOTIONS & DISCOUNTS|YWILSON|07112024110451|TRANSFERRED|CALL|DEVICE ENTHUSIAST|598|391|PENDING CUSTOMER UPDATE|1|SELF-HELP OPTION|NEUTRAL
267|SECURITY & PRIVACY|STHOMPSON|04262022110451|DROPPED|CALL|FREQUENT TRAVELER|141|518|TRANSFERRED TO ANOTHER QUEUE|1|SELF-HELP OPTION|BAD
268|ACCOUNT MANAGEMENT|TGARCIA|05162024110451|TRANSFERRED|CALL|TECH-SAVVY USER|104|369|PENDING RESOLUTION|1|SUPPORT TEAM INTERVENTION|NEUTRAL
269|MOBILE & WIRELESS SERVICES|ZANDERSON|01162022110451|COMPLETED|CHAT|LONG-TERM CUSTOMER|575|567|RESOLVED|0|SUPPORT TEAM INTERVENTION|NEUTRAL
270|TECHNICAL SUPPORT|YWILSON|01292023110451|TRANSFERRED|CHAT|SENIOR CITIZEN|17|596|WORK IN PROGRESS|0|SUPPORT TEAM INTERVENTION|WORST
271|NEW CUSTOMER ONBOARDING|UMARTINEZ|12282021110451|COMPLETED|CHAT|LONG-TERM CUSTOMER|172|522|WORK IN PROGRESS|0|SUPPORT TEAM INTERVENTION|BEST
272|SUPPORT OUTAGES|VHERNANDEZ|12232022110451|DROPPED|CHAT|BUDGET-CONSCIOUS CUSTOMER|298|426|WORK IN PROGRESS|1|SUPPORT TEAM INTERVENTION|BEST
273|SECURITY & PRIVACY|EJONES|04292023110451|COMPLETED|CALL|NEW CUSTOMER|122|76|WORK IN PROGRESS|0|SUPPORT TEAM INTERVENTION|NEUTRAL
274|LOYALTY & RETENTIONS|ZANDERSON|07222024110451|COMPLETED|CALL|TECH-SAVVY USER|34|71|WORK IN PROGRESS|0|SELF-HELP OPTION|BAD
275|ACCOUNT MANAGEMENT|VHERNANDEZ|08122022110451|DROPPED|CALL|FREQUENT TRAVELER|449|189|WORK IN PROGRESS|0|SUPPORT TEAM INTERVENTION|NEUTRAL
276|NEW CUSTOMER ONBOARDING|STHOMPSON|07182022110451|DROPPED|CHAT|LONG-TERM CUSTOMER|219|521|PENDING RESOLUTION|0|SUPPORT TEAM INTERVENTION|BEST
277|BUSINESS SERVICES|UMARTINEZ|10162022110451|COMPLETED|CALL|BUDGET-CONSCIOUS CUSTOMER|580|104|TRANSFERRED TO ANOTHER QUEUE|0|SELF-HELP OPTION|BEST
278|PROMOTIONS & DISCOUNTS|TGARCIA|06032024110451|DROPPED|CALL|LONG-TERM CUSTOMER|76|272|RESOLVED|1|SUPPORT TEAM INTERVENTION|NEUTRAL
279|LOYALTY & RETENTIONS|UMARTINEZ|04302022110451|DROPPED|CHAT|BUSINESS OWNER|65|344|PENDING RESOLUTION|1|SUPPORT TEAM INTERVENTION|BEST
276|ACCOUNT MANAGEMENT|TGARCIA|09132022110451|TRANSFERRED|CALL|HEAVY DATA USER|416|517|WORK IN PROGRESS|1|SUPPORT TEAM INTERVENTION|BEST
280|MOBILE & WIRELESS SERVICES|XGONZALEZ|04142024110451|DROPPED|CALL|HEAVY DATA USER|375|206|PENDING CUSTOMER UPDATE|0|SELF-HELP OPTION|GOOD
162|PROMOTIONS & DISCOUNTS|VHERNANDEZ|02092023110451|TRANSFERRED|CALL|FAMILY PLAN MANAGER|233|290|PENDING CUSTOMER UPDATE|0|SELF-HELP OPTION|NEUTRAL
281|TECHNICAL SUPPORT|XGONZALEZ|05272024110451|COMPLETED|CHAT|HEAVY DATA USER|130|216|RESOLVED|1|SUPPORT TEAM INTERVENTION|BEST
282|TECHNICAL SUPPORT|WLOPEZ|03272022110451|TRANSFERRED|CHAT|DEVICE ENTHUSIAST|557|492|PENDING CUSTOMER UPDATE|0|SELF-HELP OPTION|NEUTRAL
283|LOYALTY & RETENTIONS|XGONZALEZ|01082024110451|DROPPED|CHAT|BUDGET-CONSCIOUS CUSTOMER|356|466|PENDING CUSTOMER UPDATE|1|SELF-HELP OPTION|NEUTRAL
284|LOYALTY & RETENTIONS|STHOMPSON|04182023110451|DROPPED|CALL|FREQUENT TRAVELER|176|573|RESOLVED|1|SELF-HELP OPTION|NEUTRAL
285|SECURITY & PRIVACY|XGONZALEZ|11012022110451|TRANSFERRED|CALL|LONG-TERM CUSTOMER|118|90|RESOLVED|1|SUPPORT TEAM INTERVENTION|BEST
286|TECHNICAL SUPPORT|TGARCIA|11192022110451|COMPLETED|CALL|HEAVY DATA USER|286|587|RESOLVED|0|SUPPORT TEAM INTERVENTION|BEST
287|HOME SERVICES|UMARTINEZ|04282023110451|DROPPED|CALL|NEW CUSTOMER|342|560|WORK IN PROGRESS|0|SUPPORT TEAM INTERVENTION|BEST
288|SECURITY & PRIVACY|ZANDERSON|01102023110451|COMPLETED|CALL|LONG-TERM CUSTOMER|347|200|PENDING RESOLUTION|0|SELF-HELP OPTION|WORST
140|SUPPORT OUTAGES|XGONZALEZ|06012024110451|TRANSFERRED|CHAT|TECH-SAVVY USER|594|199|TRANSFERRED TO ANOTHER QUEUE|1|SUPPORT TEAM INTERVENTION|GOOD
289|SECURITY & PRIVACY|VHERNANDEZ|05142024110451|COMPLETED|CHAT|SENIOR CITIZEN|154|474|RESOLVED|1|SELF-HELP OPTION|BEST
290|NEW CUSTOMER ONBOARDING|XGONZALEZ|06072023110451|COMPLETED|CHAT|FREQUENT TRAVELER|373|69|PENDING RESOLUTION|0|SELF-HELP OPTION|WORST
291|SECURITY & PRIVACY|VHERNANDEZ|03152024110451|COMPLETED|CALL|BUDGET-CONSCIOUS CUSTOMER|468|391|RESOLVED|0|SUPPORT TEAM INTERVENTION|BAD
292|NEW CUSTOMER ONBOARDING|UMARTINEZ|05212024110451|DROPPED|CHAT|BUSINESS OWNER|351|250|TRANSFERRED TO ANOTHER QUEUE|1|SELF-HELP OPTION|BAD
293|HOME SERVICES|STHOMPSON|07202023110451|COMPLETED|CHAT|LONG-TERM CUSTOMER|569|77|RESOLVED|0|SELF-HELP OPTION|WORST
178|SECURITY & PRIVACY|ATHOMAS|04122024110451|DROPPED|CHAT|SENIOR CITIZEN|495|213|TRANSFERRED TO ANOTHER QUEUE|1|SELF-HELP OPTION|WORST
294|PROMOTIONS & DISCOUNTS|ZANDERSON|11292023110451|TRANSFERRED|CHAT|NEW CUSTOMER|283|114|WORK IN PROGRESS|0|SELF-HELP OPTION|NEUTRAL
295|PROMOTIONS & DISCOUNTS|STHOMPSON|03092022110451|COMPLETED|CALL|SENIOR CITIZEN|350||WORK IN PROGRESS|1|SUPPORT TEAM INTERVENTION|NEUTRAL
296|ACCOUNT MANAGEMENT|UMARTINEZ|10252022110451|DROPPED|CALL|TECH-SAVVY USER|258|294|WORK IN PROGRESS|0|SELF-HELP OPTION|BAD
297|BUSINESS SERVICES|TGARCIA|04032024110451|DROPPED|CHAT|SENIOR CITIZEN|397|69|RESOLVED|0|SELF-HELP OPTION|WORST
298|LOYALTY & RETENTIONS|TGARCIA|08152023110451|DROPPED|CHAT|HEAVY DATA USER|32|298|TRANSFERRED TO ANOTHER QUEUE|0|SUPPORT TEAM INTERVENTION|
299|MOBILE & WIRELESS SERVICES|ATHOMAS|11272022110451|COMPLETED|CALL|BUDGET-CONSCIOUS CUSTOMER|337|470|TRANSFERRED TO ANOTHER QUEUE|1|SUPPORT TEAM INTERVENTION|NEUTRAL
300|TECHNICAL SUPPORT|EJONES|04102023110451|COMPLETED|CALL|LONG-TERM CUSTOMER|276|53|TRANSFERRED TO ANOTHER QUEUE|0|SUPPORT TEAM INTERVENTION|GOOD
301|HOME SERVICES|EJONES|01212024110451|DROPPED|CALL|TECH-SAVVY USER|66|462|TRANSFERRED TO ANOTHER QUEUE|1|SELF-HELP OPTION|BEST
89|SECURITY & PRIVACY|ATHOMAS|01262023110451|DROPPED|CALL|NEW CUSTOMER|137|335|WORK IN PROGRESS|0|SUPPORT TEAM INTERVENTION|BAD
302|SUPPORT OUTAGES|VHERNANDEZ|04062024110451|DROPPED|CHAT|DEVICE ENTHUSIAST|38|484|WORK IN PROGRESS|0|SELF-HELP OPTION|WORST
303|NEW CUSTOMER ONBOARDING|UMARTINEZ|09122022110451|TRANSFERRED|CALL|FREQUENT TRAVELER|187|556|WORK IN PROGRESS|1|SELF-HELP OPTION|BAD
304|LOYALTY & RETENTIONS|WLOPEZ|06282024110451|TRANSFERRED|CALL|NEW CUSTOMER|291|530|PENDING RESOLUTION|1|SUPPORT TEAM INTERVENTION|WORST
164|MOBILE & WIRELESS SERVICES|STHOMPSON|05042023110451|TRANSFERRED|CALL|BUDGET-CONSCIOUS CUSTOMER|595|445|RESOLVED|0|SELF-HELP OPTION|GOOD
305||VHERNANDEZ|01202023110451|TRANSFERRED|CHAT|BUDGET-CONSCIOUS CUSTOMER|311|66|TRANSFERRED TO ANOTHER QUEUE|0|SELF-HELP OPTION|NEUTRAL
306|TECHNICAL SUPPORT|YWILSON|07192023110451|DROPPED|CALL|SENIOR CITIZEN|252|292|TRANSFERRED TO ANOTHER QUEUE|1|SUPPORT TEAM INTERVENTION|BAD
307|LOYALTY & RETENTIONS|YWILSON|06012023110451|COMPLETED|CALL|BUSINESS OWNER|478|356|RESOLVED|0|SUPPORT TEAM INTERVENTION|GOOD
280|NEW CUSTOMER ONBOARDING|EJONES|03122022110451|TRANSFERRED|CHAT|NEW CUSTOMER|36|240|RESOLVED|0|SUPPORT TEAM INTERVENTION|NEUTRAL
308|TECHNICAL SUPPORT|ATHOMAS|04052022110451|TRANSFERRED|CALL|BUSINESS OWNER|512|242|PENDING RESOLUTION|0|SELF-HELP OPTION|BAD
309|BUSINESS SERVICES|VHERNANDEZ|09022023110451||CALL|DEVICE ENTHUSIAST|205|383|PENDING CUSTOMER UPDATE|1|SUPPORT TEAM INTERVENTION|WORST
224|HOME SERVICES|YWILSON|01312024110451|TRANSFERRED|CALL|NEW CUSTOMER|225|491|PENDING RESOLUTION|1|SUPPORT TEAM INTERVENTION|GOOD
310|BUSINESS SERVICES|WLOPEZ|12212023110451|DROPPED|CALL|FAMILY PLAN MANAGER|585|571|RESOLVED|0|SELF-HELP OPTION|GOOD
311|ACCOUNT MANAGEMENT|EJONES|02052024110451|COMPLETED|CALL|BUDGET-CONSCIOUS CUSTOMER|353|519|RESOLVED|1|SUPPORT TEAM INTERVENTION|WORST
312|HOME SERVICES|EJONES|05152023110451|COMPLETED|CHAT|HEAVY DATA USER|23|258|RESOLVED|1|SUPPORT TEAM INTERVENTION|WORST
313|MOBILE & WIRELESS SERVICES|ATHOMAS|03012022110451|TRANSFERRED|CHAT|DEVICE ENTHUSIAST|527|98|TRANSFERRED TO ANOTHER QUEUE|0|SUPPORT TEAM INTERVENTION|NEUTRAL
314|BUSINESS SERVICES|YWILSON|10182023110451|DROPPED|CHAT|TECH-SAVVY USER|395|274|TRANSFERRED TO ANOTHER QUEUE|1|SELF-HELP OPTION|GOOD
315|MOBILE & WIRELESS SERVICES|ZANDERSON|12062023110451|TRANSFERRED|CHAT|HEAVY DATA USER|60|237|TRANSFERRED TO ANOTHER QUEUE|1|SUPPORT TEAM INTERVENTION|WORST
316|NEW CUSTOMER ONBOARDING|XGONZALEZ|08172023110451|TRANSFERRED|CALL|BUDGET-CONSCIOUS CUSTOMER|251|103|RESOLVED|0|SELF-HELP OPTION|WORST
317|MOBILE & WIRELESS SERVICES|ATHOMAS|07142023110451|TRANSFERRED|CALL|TECH-SAVVY USER|357|204|WORK IN PROGRESS|0|SELF-HELP OPTION|WORST
318|BUSINESS SERVICES|EJONES|01012022110451|COMPLETED|CALL|HEAVY DATA USER|137|268|PENDING CUSTOMER UPDATE|0|SELF-HELP OPTION|GOOD
319|PROMOTIONS & DISCOUNTS|ATHOMAS|09102023110451|TRANSFERRED|CHAT|FAMILY PLAN MANAGER|307|265|WORK IN PROGRESS|0|SUPPORT TEAM INTERVENTION|BAD
5|ACCOUNT MANAGEMENT|ZANDERSON|11122023110451|COMPLETED|CHAT|LONG-TERM CUSTOMER|490|98|TRANSFERRED TO ANOTHER QUEUE|1|SELF-HELP OPTION|NEUTRAL
320|HOME SERVICES|XGONZALEZ|07042023110451|TRANSFERRED|CHAT|HEAVY DATA USER|319|315|TRANSFERRED TO ANOTHER QUEUE|0|SELF-HELP OPTION|BAD
321|MOBILE & WIRELESS SERVICES|EJONES|09072024110451|COMPLETED|CALL|DEVICE ENTHUSIAST|235|595|TRANSFERRED TO ANOTHER QUEUE|0|SELF-HELP OPTION|BAD
322|ACCOUNT MANAGEMENT|STHOMPSON|08212022110451|DROPPED|CALL|BUSINESS OWNER|77|573|TRANSFERRED TO ANOTHER QUEUE|0|SELF-HELP OPTION|WORST
323|NEW CUSTOMER ONBOARDING|WLOPEZ|02022022110451|DROPPED|CALL||561|91|RESOLVED|0|SUPPORT TEAM INTERVENTION|BEST
88|SUPPORT OUTAGES|TGARCIA|12262022110451|TRANSFERRED|CHAT|FREQUENT TRAVELER|41|459|TRANSFERRED TO ANOTHER QUEUE|1|SUPPORT TEAM INTERVENTION|BAD
324|HOME SERVICES|VHERNANDEZ|12072022110451|COMPLETED|CALL|TECH-SAVVY USER|497|126|WORK IN PROGRESS|1|SUPPORT TEAM INTERVENTION|GOOD
254|BUSINESS SERVICES|VHERNANDEZ|07302022110451|COMPLETED|CALL|HEAVY DATA USER|309|453|WORK IN PROGRESS|1|SELF-HELP OPTION|NEUTRAL
325|NEW CUSTOMER ONBOARDING|ZANDERSON|09122022110451|COMPLETED|CALL|FAMILY PLAN MANAGER|497|49|WORK IN PROGRESS|0|SELF-HELP OPTION|NEUTRAL
145|LOYALTY & RETENTIONS|TGARCIA|05112022110451|TRANSFERRED|CALL|NEW CUSTOMER|313|318|WORK IN PROGRESS|1|SELF-HELP OPTION|BAD
326|BUSINESS SERVICES|VHERNANDEZ|02042023110451|COMPLETED|CHAT|BUSINESS OWNER|461|513|PENDING CUSTOMER UPDATE|0|SELF-HELP OPTION|GOOD
327|HOME SERVICES|UMARTINEZ|05172023110451|COMPLETED|CHAT|LONG-TERM CUSTOMER|507|317|PENDING RESOLUTION|0|SUPPORT TEAM INTERVENTION|GOOD
328|BUSINESS SERVICES|EJONES|08302024110451|DROPPED|CHAT|LONG-TERM CUSTOMER|23|501|WORK IN PROGRESS|1|SUPPORT TEAM INTERVENTION|GOOD
329|HOME SERVICES|ZANDERSON|03142022110451|COMPLETED|CHAT|NEW CUSTOMER|548|206|WORK IN PROGRESS|0|SELF-HELP OPTION|BAD
197|TECHNICAL SUPPORT|TGARCIA|09032023110451|TRANSFERRED|CALL|SENIOR CITIZEN|99|21|PENDING RESOLUTION|1|SELF-HELP OPTION|WORST
330|NEW CUSTOMER ONBOARDING|ATHOMAS|05072022110451|DROPPED|CALL|FREQUENT TRAVELER|246|401|PENDING CUSTOMER UPDATE|1|SELF-HELP OPTION|WORST
331|BUSINESS SERVICES|XGONZALEZ|08192024110451|DROPPED|CHAT|HEAVY DATA USER|234|57|RESOLVED|0|SELF-HELP OPTION|GOOD
332|ACCOUNT MANAGEMENT|VHERNANDEZ|05052024110451|COMPLETED|CHAT|LONG-TERM CUSTOMER|329|139|RESOLVED|1|SELF-HELP OPTION|NEUTRAL
61|BUSINESS SERVICES|WLOPEZ|02042023110451|DROPPED|CHAT|LONG-TERM CUSTOMER|505|587|TRANSFERRED TO ANOTHER QUEUE|1|SUPPORT TEAM INTERVENTION|BEST
333|BUSINESS SERVICES|VHERNANDEZ|11242022110451|TRANSFERRED|CALL|SENIOR CITIZEN|207|320|TRANSFERRED TO ANOTHER QUEUE|1|SUPPORT TEAM INTERVENTION|NEUTRAL
210|BUSINESS SERVICES|WLOPEZ|06062024110451|DROPPED|CALL|LONG-TERM CUSTOMER|133|412|TRANSFERRED TO ANOTHER QUEUE|1|SELF-HELP OPTION|GOOD
334|HOME SERVICES|EJONES|07132024110451|COMPLETED|CALL|BUSINESS OWNER|580|438|RESOLVED|1|SELF-HELP OPTION|BAD
335|ACCOUNT MANAGEMENT|ZANDERSON|08182023110451|DROPPED|CHAT|BUSINESS OWNER|122|389|PENDING CUSTOMER UPDATE|0|SELF-HELP OPTION|BEST
336|HOME SERVICES|TGARCIA|01052022110451|COMPLETED|CALL|FAMILY PLAN MANAGER|381|318|TRANSFERRED TO ANOTHER QUEUE|0|SELF-HELP OPTION|
179|HOME SERVICES|XGONZALEZ|09022023110451|DROPPED|CHAT|FAMILY PLAN MANAGER|438|176|WORK IN PROGRESS|0|SELF-HELP OPTION|BEST
337|PROMOTIONS & DISCOUNTS|ZANDERSON|01172022110451|TRANSFERRED|CHAT|TECH-SAVVY USER|576|326|PENDING CUSTOMER UPDATE|1|SUPPORT TEAM INTERVENTION|BEST
338|SUPPORT OUTAGES|XGONZALEZ|08082022110451|TRANSFERRED|CHAT|NEW CUSTOMER|174|577|RESOLVED|1|SELF-HELP OPTION|GOOD
339|TECHNICAL SUPPORT|EJONES|03172023110451|DROPPED|CALL|SENIOR CITIZEN|584|148|PENDING RESOLUTION|0|SUPPORT TEAM INTERVENTION|BAD
340|BUSINESS SERVICES|TGARCIA|08172024110451|TRANSFERRED|CHAT|HEAVY DATA USER|539|558|RESOLVED|1|SUPPORT TEAM INTERVENTION|NEUTRAL
341|PROMOTIONS & DISCOUNTS|VHERNANDEZ|09142023110451|DROPPED|CALL|SENIOR CITIZEN|226|340|PENDING RESOLUTION|1|SELF-HELP OPTION|BAD
342|MOBILE & WIRELESS SERVICES|TGARCIA|09042024110451|DROPPED|CALL|TECH-SAVVY USER|123|153|TRANSFERRED TO ANOTHER QUEUE|0|SUPPORT TEAM INTERVENTION|BEST
33|TECHNICAL SUPPORT|TGARCIA|08092023110451|TRANSFERRED|CHAT|FREQUENT TRAVELER|39|434|WORK IN PROGRESS|1|SUPPORT TEAM INTERVENTION|GOOD
343|HOME SERVICES|UMARTINEZ|05162024110451|TRANSFERRED|CHAT|DEVICE ENTHUSIAST|516|76|TRANSFERRED TO ANOTHER QUEUE|0|SUPPORT TEAM INTERVENTION|NEUTRAL
344|NEW CUSTOMER ONBOARDING|TGARCIA|01202024110451|COMPLETED|CALL|BUDGET-CONSCIOUS CUSTOMER|583|554|TRANSFERRED TO ANOTHER QUEUE|1|SELF-HELP OPTION|NEUTRAL
345|BUSINESS SERVICES|EJONES|12092022110451|DROPPED|CALL|NEW CUSTOMER|374|458|TRANSFERRED TO ANOTHER QUEUE|0|SUPPORT TEAM INTERVENTION|NEUTRAL
346|LOYALTY & RETENTIONS|TGARCIA|11222023110451|DROPPED|CALL|TECH-SAVVY USER|467|156|TRANSFERRED TO ANOTHER QUEUE|0|SELF-HELP OPTION|GOOD
347|HOME SERVICES|WLOPEZ|09032022110451|DROPPED|CHAT|SENIOR CITIZEN|212|154|TRANSFERRED TO ANOTHER QUEUE|0|SELF-HELP OPTION|BEST
221|BUSINESS SERVICES|UMARTINEZ|09062023110451|TRANSFERRED|CALL|SENIOR CITIZEN|398|127|TRANSFERRED TO ANOTHER QUEUE|1|SELF-HELP OPTION|NEUTRAL
348|BUSINESS SERVICES|TGARCIA|10112022110451|TRANSFERRED|CHAT|SENIOR CITIZEN|20|133|PENDING CUSTOMER UPDATE|0|SELF-HELP OPTION|WORST
349|BUSINESS SERVICES|ATHOMAS|03252024110451|TRANSFERRED|CHAT|FAMILY PLAN MANAGER|49|497|PENDING CUSTOMER UPDATE|0|SELF-HELP OPTION|BEST
350|BUSINESS SERVICES|TGARCIA|08022024110451|TRANSFERRED|CALL|FAMILY PLAN MANAGER|342|57|PENDING CUSTOMER UPDATE|1|SUPPORT TEAM INTERVENTION|BEST
351|HOME SERVICES|YWILSON|05142024110451|COMPLETED|CHAT|LONG-TERM CUSTOMER|359|181|PENDING RESOLUTION|1|SUPPORT TEAM INTERVENTION|GOOD
352|TECHNICAL SUPPORT|VHERNANDEZ|03132023110451|COMPLETED|CALL|LONG-TERM CUSTOMER|370|179|RESOLVED|1|SUPPORT TEAM INTERVENTION|WORST
234|SUPPORT OUTAGES|XGONZALEZ|05022022110451|COMPLETED|CALL|BUDGET-CONSCIOUS CUSTOMER|127|591|PENDING RESOLUTION|1|SELF-HELP OPTION|NEUTRAL
353|BUSINESS SERVICES|YWILSON|03122023110451|COMPLETED|CHAT|TECH-SAVVY USER|283|197|WORK IN PROGRESS|0|SUPPORT TEAM INTERVENTION|BEST
354|BUSINESS SERVICES|WLOPEZ|07112023110451|DROPPED|CALL|NEW CUSTOMER|550|520|WORK IN PROGRESS|1|SUPPORT TEAM INTERVENTION|WORST
130|HOME SERVICES|STHOMPSON|09082023110451|DROPPED|CALL|NEW CUSTOMER|78|62|PENDING RESOLUTION|1|SUPPORT TEAM INTERVENTION|WORST
355|BUSINESS SERVICES|XGONZALEZ|01142023110451|DROPPED|CALL|NEW CUSTOMER|176|309|PENDING CUSTOMER UPDATE|1|SUPPORT TEAM INTERVENTION|NEUTRAL
93|HOME SERVICES|ZANDERSON|03072023110451|COMPLETED|CALL|SENIOR CITIZEN|243|283|PENDING RESOLUTION|1|SUPPORT TEAM INTERVENTION|WORST
356|BUSINESS SERVICES|VHERNANDEZ|10212022110451|TRANSFERRED|CHAT|LONG-TERM CUSTOMER|392|293|TRANSFERRED TO ANOTHER QUEUE|1|SUPPORT TEAM INTERVENTION|BEST
357|BUSINESS SERVICES|YWILSON|11292022110451|COMPLETED|CHAT|BUSINESS OWNER|144|475|RESOLVED|0|SUPPORT TEAM INTERVENTION|NEUTRAL
30|ACCOUNT MANAGEMENT|VHERNANDEZ|07262023110451|COMPLETED|CALL|LONG-TERM CUSTOMER|526|65|PENDING RESOLUTION|0|SUPPORT TEAM INTERVENTION|NEUTRAL
358|ACCOUNT MANAGEMENT|ZANDERSON|12162022110451|DROPPED|CALL|TECH-SAVVY USER|306|44|RESOLVED|1|SELF-HELP OPTION|GOOD
359|MOBILE & WIRELESS SERVICES|ZANDERSON|02212022110451|COMPLETED|CHAT|BUSINESS OWNER|486|284|PENDING CUSTOMER UPDATE|0|SUPPORT TEAM INTERVENTION|BEST
360|BUSINESS SERVICES|VHERNANDEZ|04242023110451|COMPLETED|CHAT|NEW CUSTOMER|299|181|PENDING CUSTOMER UPDATE|0|SUPPORT TEAM INTERVENTION|GOOD
361|BUSINESS SERVICES|STHOMPSON|09022023110451|COMPLETED|CALL|BUSINESS OWNER|251|333|TRANSFERRED TO ANOTHER QUEUE|1|SUPPORT TEAM INTERVENTION|GOOD
94|NEW CUSTOMER ONBOARDING|WLOPEZ|02202024110451|TRANSFERRED|CHAT|NEW CUSTOMER|201|27|WORK IN PROGRESS|0|SUPPORT TEAM INTERVENTION|NEUTRAL
362|TECHNICAL SUPPORT|UMARTINEZ|07122023110451|TRANSFERRED|CHAT|BUSINESS OWNER|330|398|RESOLVED|0|SUPPORT TEAM INTERVENTION|NEUTRAL
363|NEW CUSTOMER ONBOARDING|XGONZALEZ|01112024110451|DROPPED|CHAT|BUSINESS OWNER|259|271|RESOLVED|1|SELF-HELP OPTION|BEST
128|BUSINESS SERVICES|UMARTINEZ|01192023110451|COMPLETED|CHAT|DEVICE ENTHUSIAST|315|216|PENDING CUSTOMER UPDATE|0|SUPPORT TEAM INTERVENTION|GOOD
364|BUSINESS SERVICES|XGONZALEZ|07282023110451|DROPPED|CALL|FAMILY PLAN MANAGER|96|280|WORK IN PROGRESS|1|SELF-HELP OPTION|WORST
365|HOME SERVICES|ATHOMAS|07052024110451|TRANSFERRED|CHAT|TECH-SAVVY USER|551|502|WORK IN PROGRESS|1|SELF-HELP OPTION|NEUTRAL
152|HOME SERVICES|TGARCIA|10292023110451|DROPPED|CHAT|HEAVY DATA USER|213|353|PENDING CUSTOMER UPDATE|1|SELF-HELP OPTION|WORST
366|TECHNICAL SUPPORT|ZANDERSON|02172022110451|DROPPED|CALL|TECH-SAVVY USER|344|171|PENDING CUSTOMER UPDATE|1|SUPPORT TEAM INTERVENTION|NEUTRAL
91|PROMOTIONS & DISCOUNTS|UMARTINEZ|03282024110451|COMPLETED|CALL|BUSINESS OWNER|336|360|WORK IN PROGRESS|1|SUPPORT TEAM INTERVENTION|BEST
367|ACCOUNT MANAGEMENT|TGARCIA|03222023110451|TRANSFERRED|CHAT|BUSINESS OWNER|27|110|WORK IN PROGRESS|0|SELF-HELP OPTION|NEUTRAL
368|LOYALTY & RETENTIONS|YWILSON|02042022110451|COMPLETED|CALL|DEVICE ENTHUSIAST|375|546|PENDING CUSTOMER UPDATE|1|SUPPORT TEAM INTERVENTION|GOOD
369|NEW CUSTOMER ONBOARDING|ATHOMAS|01082024110451|COMPLETED|CHAT|DEVICE ENTHUSIAST|170|432|PENDING RESOLUTION|0|SUPPORT TEAM INTERVENTION|WORST
170|HOME SERVICES|XGONZALEZ|07062022110451|COMPLETED|CHAT|TECH-SAVVY USER|104|472|TRANSFERRED TO ANOTHER QUEUE|1|SUPPORT TEAM INTERVENTION|WORST
370|LOYALTY & RETENTIONS|WLOPEZ|10312022110451|COMPLETED|CALL|BUDGET-CONSCIOUS CUSTOMER|515|410|WORK IN PROGRESS|1|SELF-HELP OPTION|GOOD
171|PROMOTIONS & DISCOUNTS|EJONES|01132024110451|DROPPED|CHAT|LONG-TERM CUSTOMER|494|507|TRANSFERRED TO ANOTHER QUEUE|1|SELF-HELP OPTION|BEST
371|BUSINESS SERVICES|TGARCIA|02102022110451|COMPLETED|CHAT|DEVICE ENTHUSIAST|400|588|WORK IN PROGRESS|0|SELF-HELP OPTION|WORST
372|SECURITY & PRIVACY|EJONES|05242023110451|TRANSFERRED|CALL|SENIOR CITIZEN|372|477|PENDING CUSTOMER UPDATE|0|SUPPORT TEAM INTERVENTION|GOOD
84|SUPPORT OUTAGES|VHERNANDEZ|11252022110451|DROPPED|CHAT|LONG-TERM CUSTOMER|356|369|RESOLVED|0|SELF-HELP OPTION|WORST
373|NEW CUSTOMER ONBOARDING|XGONZALEZ|09162022110451|TRANSFERRED|CHAT|HEAVY DATA USER|385|258|WORK IN PROGRESS|0|SELF-HELP OPTION|BAD
374|LOYALTY & RETENTIONS|WLOPEZ|12282023110451|DROPPED|CHAT|DEVICE ENTHUSIAST|375|379|WORK IN PROGRESS|1|SUPPORT TEAM INTERVENTION|BEST
375|BUSINESS SERVICES|STHOMPSON|10042022110451|DROPPED|CALL|SENIOR CITIZEN|456|238|PENDING RESOLUTION|0|SELF-HELP OPTION|BEST
376|TECHNICAL SUPPORT|WLOPEZ|06032024110451|TRANSFERRED|CHAT|DEVICE ENTHUSIAST|579|544|PENDING RESOLUTION|0|SELF-HELP OPTION|GOOD
252|SECURITY & PRIVACY|TGARCIA|02162023110451|TRANSFERRED|CALL|BUSINESS OWNER|101|365|PENDING RESOLUTION|1|SUPPORT TEAM INTERVENTION|BAD
377|SECURITY & PRIVACY|TGARCIA|03022024110451|DROPPED|CALL|SENIOR CITIZEN|258|255|PENDING CUSTOMER UPDATE|0|SUPPORT TEAM INTERVENTION|NEUTRAL
378|SUPPORT OUTAGES|WLOPEZ|08262023110451|COMPLETED|CHAT|NEW CUSTOMER|74|358|RESOLVED|1|SUPPORT TEAM INTERVENTION|BAD
132|PROMOTIONS & DISCOUNTS|YWILSON|04192023110451|DROPPED|CHAT|DEVICE ENTHUSIAST|66|399|PENDING RESOLUTION|0|SELF-HELP OPTION|WORST
379|MOBILE & WIRELESS SERVICES|STHOMPSON|03212024110451|COMPLETED|CHAT|BUDGET-CONSCIOUS CUSTOMER|64|343|PENDING CUSTOMER UPDATE|1|SELF-HELP OPTION|BAD
380|MOBILE & WIRELESS SERVICES|ZANDERSON|02262024110451|TRANSFERRED|CHAT|BUSINESS OWNER|519|524|PENDING RESOLUTION|0|SELF-HELP OPTION|BAD
381|ACCOUNT MANAGEMENT|ATHOMAS|05182022110451|TRANSFERRED|CHAT|BUSINESS OWNER|231|436|TRANSFERRED TO ANOTHER QUEUE|1|SUPPORT TEAM INTERVENTION|WORST
382|PROMOTIONS & DISCOUNTS|EJONES|06102023110451|COMPLETED|CALL|HEAVY DATA USER|374|81|PENDING CUSTOMER UPDATE|0|SELF-HELP OPTION|BAD
383|TECHNICAL SUPPORT|UMARTINEZ|05252023110451|COMPLETED|CALL|SENIOR CITIZEN|494|479|TRANSFERRED TO ANOTHER QUEUE|1|SUPPORT TEAM INTERVENTION|BAD
384|TECHNICAL SUPPORT|EJONES|03022022110451|COMPLETED|CHAT|NEW CUSTOMER|513|44|TRANSFERRED TO ANOTHER QUEUE|0|SELF-HELP OPTION|WORST
385|ACCOUNT MANAGEMENT|WLOPEZ|12212023110451|DROPPED|CALL|DEVICE ENTHUSIAST|509|29|RESOLVED|0|SELF-HELP OPTION|NEUTRAL
386|LOYALTY & RETENTIONS|VHERNANDEZ|07312023110451|COMPLETED|CHAT|FAMILY PLAN MANAGER|388|281|PENDING CUSTOMER UPDATE|0|SELF-HELP OPTION|GOOD
387|PROMOTIONS & DISCOUNTS|UMARTINEZ|08042022110451|COMPLETED|CALL|FREQUENT TRAVELER|140|443|PENDING CUSTOMER UPDATE|0|SELF-HELP OPTION|BEST
284|ACCOUNT MANAGEMENT|UMARTINEZ|12262021110451|DROPPED|CHAT|TECH-SAVVY USER|422|139|WORK IN PROGRESS|1|SELF-HELP OPTION|GOOD
388|SUPPORT OUTAGES|STHOMPSON|09282022110451|TRANSFERRED|CHAT|SENIOR CITIZEN|341|400|RESOLVED|0|SUPPORT TEAM INTERVENTION|GOOD
112|NEW CUSTOMER ONBOARDING|VHERNANDEZ|05192022110451|DROPPED|CHAT|BUSINESS OWNER|571|251|PENDING RESOLUTION|1|SUPPORT TEAM INTERVENTION|BEST
389|MOBILE & WIRELESS SERVICES|ZANDERSON|07262023110451|DROPPED|CALL|HEAVY DATA USER|481|429|RESOLVED|0|SUPPORT TEAM INTERVENTION|BAD
224|ACCOUNT MANAGEMENT|TGARCIA|10192023110451|TRANSFERRED|CHAT|SENIOR CITIZEN|174|19|RESOLVED|1|SUPPORT TEAM INTERVENTION|GOOD
390|ACCOUNT MANAGEMENT|ATHOMAS|03072024110451|COMPLETED|CHAT|FAMILY PLAN MANAGER|75|310|TRANSFERRED TO ANOTHER QUEUE|1|SUPPORT TEAM INTERVENTION|WORST
309|BUSINESS SERVICES|WLOPEZ|08142024110451|DROPPED|CHAT|DEVICE ENTHUSIAST|303|272|TRANSFERRED TO ANOTHER QUEUE|1|SELF-HELP OPTION|GOOD
391|SECURITY & PRIVACY|ZANDERSON|06292024110451|TRANSFERRED|CALL|TECH-SAVVY USER|235|386|WORK IN PROGRESS|1|SUPPORT TEAM INTERVENTION|GOOD
359|NEW CUSTOMER ONBOARDING|TGARCIA|05012024110451|TRANSFERRED|CHAT|NEW CUSTOMER|89|169|WORK IN PROGRESS|1|SELF-HELP OPTION|NEUTRAL
392|HOME SERVICES|UMARTINEZ|01282024110451|COMPLETED|CALL|BUDGET-CONSCIOUS CUSTOMER|531|599|WORK IN PROGRESS|0|SELF-HELP OPTION|BEST
393|MOBILE & WIRELESS SERVICES|UMARTINEZ|10142023110451|DROPPED|CALL|NEW CUSTOMER|258|56|WORK IN PROGRESS|0|SUPPORT TEAM INTERVENTION|NEUTRAL
394|LOYALTY & RETENTIONS|XGONZALEZ|04172024110451|TRANSFERRED|CALL|NEW CUSTOMER|241|466|PENDING CUSTOMER UPDATE|1|SUPPORT TEAM INTERVENTION|BEST
395|LOYALTY & RETENTIONS|STHOMPSON|10242023110451|DROPPED|CHAT|FAMILY PLAN MANAGER|418|28|PENDING CUSTOMER UPDATE|0|SELF-HELP OPTION|WORST
396|LOYALTY & RETENTIONS|ZANDERSON|07282024110451|COMPLETED||FREQUENT TRAVELER|88|597|RESOLVED|1|SELF-HELP OPTION|NEUTRAL
397|ACCOUNT MANAGEMENT|UMARTINEZ|04162023110451|TRANSFERRED|CHAT|FREQUENT TRAVELER|60|96|RESOLVED|1|SELF-HELP OPTION|WORST
274|PROMOTIONS & DISCOUNTS|TGARCIA|11302023110451|COMPLETED|CHAT|FAMILY PLAN MANAGER|65|365|TRANSFERRED TO ANOTHER QUEUE|0|SELF-HELP OPTION|BAD
398|HOME SERVICES|WLOPEZ|06272024110451|COMPLETED|CHAT|BUDGET-CONSCIOUS CUSTOMER|95|392|PENDING CUSTOMER UPDATE|1|SELF-HELP OPTION|GOOD
168|ACCOUNT MANAGEMENT|XGONZALEZ|11132022110451|DROPPED|CALL|FREQUENT TRAVELER|342|68|PENDING RESOLUTION|1|SELF-HELP OPTION|WORST
399|LOYALTY & RETENTIONS|ATHOMAS|05132024110451|TRANSFERRED|CHAT|BUDGET-CONSCIOUS CUSTOMER|102|361|TRANSFERRED TO ANOTHER QUEUE|0|SELF-HELP OPTION|BAD
122|SUPPORT OUTAGES|STHOMPSON|07222022110451|TRANSFERRED|CALL|SENIOR CITIZEN|54|365|TRANSFERRED TO ANOTHER QUEUE|0|SUPPORT TEAM INTERVENTION|NEUTRAL
400|NEW CUSTOMER ONBOARDING|UMARTINEZ|04202024110451|TRANSFERRED|CALL|SENIOR CITIZEN|57|256|TRANSFERRED TO ANOTHER QUEUE|0|SUPPORT TEAM INTERVENTION|BEST
401|SUPPORT OUTAGES|ZANDERSON|03282023110451|TRANSFERRED|CHAT|SENIOR CITIZEN|214|39|TRANSFERRED TO ANOTHER QUEUE|1|SELF-HELP OPTION|GOOD
402|MOBILE & WIRELESS SERVICES|WLOPEZ|09082023110451|DROPPED|CHAT|NEW CUSTOMER|460|526|WORK IN PROGRESS|0|SELF-HELP OPTION|BEST
403|BUSINESS SERVICES|XGONZALEZ|01292024110451|COMPLETED|CALL|FREQUENT TRAVELER|347|120|RESOLVED|0|SUPPORT TEAM INTERVENTION|WORST
35|MOBILE & WIRELESS SERVICES|ATHOMAS|02192023110451|DROPPED|CALL|LONG-TERM CUSTOMER|500|424|PENDING CUSTOMER UPDATE|0|SELF-HELP OPTION|GOOD
404|NEW CUSTOMER ONBOARDING|ZANDERSON|09182022110451|DROPPED|CALL|BUDGET-CONSCIOUS CUSTOMER|484|547|RESOLVED|1|SELF-HELP OPTION|NEUTRAL
405|MOBILE & WIRELESS SERVICES|ATHOMAS|09042023110451|DROPPED|CHAT|HEAVY DATA USER|538|548|PENDING RESOLUTION|1|SELF-HELP OPTION|NEUTRAL
406|TECHNICAL SUPPORT|TGARCIA|12222022110451|DROPPED|CHAT|NEW CUSTOMER|384|327|RESOLVED|0|SELF-HELP OPTION|WORST
407|PROMOTIONS & DISCOUNTS|ATHOMAS|07142023110451|TRANSFERRED|CHAT|HEAVY DATA USER|552|72|TRANSFERRED TO ANOTHER QUEUE|1|SUPPORT TEAM INTERVENTION|GOOD
408|BUSINESS SERVICES|VHERNANDEZ|04202023110451|TRANSFERRED|CALL|LONG-TERM CUSTOMER|563|341|RESOLVED|0|SELF-HELP OPTION|BAD
409|NEW CUSTOMER ONBOARDING|TGARCIA|11302022110451|COMPLETED|CALL|SENIOR CITIZEN|80|578|PENDING RESOLUTION|1|SUPPORT TEAM INTERVENTION|GOOD
82|PROMOTIONS & DISCOUNTS|STHOMPSON|12032022110451|COMPLETED|CHAT|FREQUENT TRAVELER|99|348|PENDING RESOLUTION|0|SELF-HELP OPTION|NEUTRAL
410|ACCOUNT MANAGEMENT|XGONZALEZ|02142024110451|COMPLETED|CALL|BUSINESS OWNER|252|338|RESOLVED|0|SELF-HELP OPTION|NEUTRAL
411|SUPPORT OUTAGES|TGARCIA|02262022110451|DROPPED|CALL|NEW CUSTOMER|286|82|WORK IN PROGRESS|1|SELF-HELP OPTION|BAD
20|LOYALTY & RETENTIONS|YWILSON|11122022110451|COMPLETED|CHAT|FAMILY PLAN MANAGER|148|177|TRANSFERRED TO ANOTHER QUEUE|0|SUPPORT TEAM INTERVENTION|GOOD
412|MOBILE & WIRELESS SERVICES|XGONZALEZ|03282024110451|TRANSFERRED|CALL|BUDGET-CONSCIOUS CUSTOMER|425|598|PENDING CUSTOMER UPDATE|0|SUPPORT TEAM INTERVENTION|NEUTRAL
413|ACCOUNT MANAGEMENT|WLOPEZ|12172023110451|COMPLETED|CHAT|BUDGET-CONSCIOUS CUSTOMER|353|362|TRANSFERRED TO ANOTHER QUEUE|0|SELF-HELP OPTION|NEUTRAL
414|TECHNICAL SUPPORT|TGARCIA|01242022110451|TRANSFERRED|CHAT|NEW CUSTOMER|373|70|WORK IN PROGRESS|1|SELF-HELP OPTION|GOOD
415|LOYALTY & RETENTIONS|TGARCIA|08202023110451|COMPLETED|CALL|BUDGET-CONSCIOUS CUSTOMER|574|425|WORK IN PROGRESS|1|SELF-HELP OPTION|BEST
416|SECURITY & PRIVACY|EJONES|01202024110451|TRANSFERRED|CHAT|SENIOR CITIZEN|292|522|WORK IN PROGRESS|0|SUPPORT TEAM INTERVENTION|BAD
417|BUSINESS SERVICES|ATHOMAS|01212023110451|COMPLETED|CALL|HEAVY DATA USER|169|273|PENDING RESOLUTION|0|SUPPORT TEAM INTERVENTION|GOOD
418|BUSINESS SERVICES|STHOMPSON|04082024110451|DROPPED|CALL|HEAVY DATA USER|133|494|PENDING CUSTOMER UPDATE|0|SELF-HELP OPTION|BAD
419|MOBILE & WIRELESS SERVICES|WLOPEZ|05232023110451|DROPPED|CHAT|BUSINESS OWNER|329|23|RESOLVED|0|SUPPORT TEAM INTERVENTION|WORST
38|MOBILE & WIRELESS SERVICES|TGARCIA|05162024110451|COMPLETED|CHAT|HEAVY DATA USER|548|487|PENDING CUSTOMER UPDATE|1|SELF-HELP OPTION|WORST
420|SECURITY & PRIVACY|UMARTINEZ|10122022110451|DROPPED|CALL|TECH-SAVVY USER|540|575|TRANSFERRED TO ANOTHER QUEUE|1|SUPPORT TEAM INTERVENTION|NEUTRAL
421|NEW CUSTOMER ONBOARDING|UMARTINEZ|09142022110451|COMPLETED|CHAT|TECH-SAVVY USER|167|178|TRANSFERRED TO ANOTHER QUEUE|0|SUPPORT TEAM INTERVENTION|BEST
422|PROMOTIONS & DISCOUNTS|EJONES|03192023110451|TRANSFERRED|CALL|LONG-TERM CUSTOMER|31|596|RESOLVED|1|SELF-HELP OPTION|GOOD
423|HOME SERVICES|EJONES|06242022110451|DROPPED|CHAT|NEW CUSTOMER|533||RESOLVED|0|SUPPORT TEAM INTERVENTION|WORST
424|LOYALTY & RETENTIONS|XGONZALEZ|01082024110451|TRANSFERRED|CHAT|BUSINESS OWNER|82|100|RESOLVED|0|SUPPORT TEAM INTERVENTION|BAD
425||WLOPEZ|02032022110451|TRANSFERRED|CHAT|TECH-SAVVY USER|173|223|PENDING RESOLUTION|0|SUPPORT TEAM INTERVENTION|BEST
25|HOME SERVICES|UMARTINEZ|11032022110451|COMPLETED|CHAT|BUSINESS OWNER|600|508|WORK IN PROGRESS|1|SUPPORT TEAM INTERVENTION|WORST
426|TECHNICAL SUPPORT|TGARCIA|08312024110451|TRANSFERRED|CALL|LONG-TERM CUSTOMER|178|60|TRANSFERRED TO ANOTHER QUEUE|0|SUPPORT TEAM INTERVENTION|GOOD
427|LOYALTY & RETENTIONS|EJONES|06182023110451|COMPLETED|CALL||367|412|WORK IN PROGRESS|1|SUPPORT TEAM INTERVENTION|GOOD
45|NEW CUSTOMER ONBOARDING|ATHOMAS|06192024110451|TRANSFERRED|CHAT|HEAVY DATA USER|599|370|PENDING CUSTOMER UPDATE|0|SUPPORT TEAM INTERVENTION|GOOD
428|NEW CUSTOMER ONBOARDING|VHERNANDEZ|09012023110451|DROPPED|CHAT|HEAVY DATA USER|237|446|RESOLVED|0|SUPPORT TEAM INTERVENTION|WORST
364|ACCOUNT MANAGEMENT|ATHOMAS|04162022110451|TRANSFERRED|CHAT|BUDGET-CONSCIOUS CUSTOMER|156|576|RESOLVED|0|SELF-HELP OPTION|GOOD
429|LOYALTY & RETENTIONS|XGONZALEZ|11122023110451|COMPLETED|CHAT|NEW CUSTOMER|104|120|RESOLVED|1|SELF-HELP OPTION|BAD
430|MOBILE & WIRELESS SERVICES|TGARCIA|05112023110451|COMPLETED|CALL|HEAVY DATA USER|243|436|PENDING CUSTOMER UPDATE|0|SELF-HELP OPTION|WORST
431|TECHNICAL SUPPORT|ATHOMAS|02122022110451|COMPLETED|CHAT|SENIOR CITIZEN|57|453|WORK IN PROGRESS|1|SUPPORT TEAM INTERVENTION|WORST
432|ACCOUNT MANAGEMENT|EJONES|07092023110451|DROPPED|CHAT|DEVICE ENTHUSIAST|381|582|WORK IN PROGRESS|0|SELF-HELP OPTION|BEST
414|HOME SERVICES|TGARCIA|01182023110451|TRANSFERRED|CHAT|DEVICE ENTHUSIAST|70|484|RESOLVED|1|SELF-HELP OPTION|NEUTRAL
433|BUSINESS SERVICES|XGONZALEZ|02162024110451|COMPLETED|CALL|DEVICE ENTHUSIAST|431|558|TRANSFERRED TO ANOTHER QUEUE|1|SELF-HELP OPTION|BAD
234|MOBILE & WIRELESS SERVICES|ATHOMAS|09142023110451|COMPLETED|CHAT|HEAVY DATA USER|414|429|WORK IN PROGRESS|1|SELF-HELP OPTION|WORST
434|HOME SERVICES||08252022110451|TRANSFERRED|CHAT|SENIOR CITIZEN|48|142|RESOLVED|1|SELF-HELP OPTION|GOOD
435|SUPPORT OUTAGES|WLOPEZ|06172022110451|DROPPED|CHAT|LONG-TERM CUSTOMER|110|40|RESOLVED|0|SUPPORT TEAM INTERVENTION|BAD
317|PROMOTIONS & DISCOUNTS|UMARTINEZ|05012024110451|COMPLETED|CALL|TECH-SAVVY USER|408|124|RESOLVED|1|SUPPORT TEAM INTERVENTION|GOOD
436|SECURITY & PRIVACY|YWILSON|05282022110451|COMPLETED|CHAT|LONG-TERM CUSTOMER|19|169|TRANSFERRED TO ANOTHER QUEUE|0|SUPPORT TEAM INTERVENTION|BAD
399|TECHNICAL SUPPORT|YWILSON|08082022110451|DROPPED|CALL|SENIOR CITIZEN|319|86|PENDING CUSTOMER UPDATE|0|SELF-HELP OPTION|BEST
437|BUSINESS SERVICES|TGARCIA|04152024110451|DROPPED|CALL|HEAVY DATA USER|285|295|RESOLVED|1|SUPPORT TEAM INTERVENTION|BEST
192|BUSINESS SERVICES|ATHOMAS|10122022110451|DROPPED|CHAT|DEVICE ENTHUSIAST|581|139|TRANSFERRED TO ANOTHER QUEUE|1|SELF-HELP OPTION|WORST
438|TECHNICAL SUPPORT|ZANDERSON|06202022110451|TRANSFERRED|CHAT|HEAVY DATA USER|348|359|PENDING CUSTOMER UPDATE|1|SUPPORT TEAM INTERVENTION|NEUTRAL
134|MOBILE & WIRELESS SERVICES|XGONZALEZ|02022022110451|COMPLETED|CHAT|BUDGET-CONSCIOUS CUSTOMER|254|341|TRANSFERRED TO ANOTHER QUEUE|1|SELF-HELP OPTION|BAD
439|SECURITY & PRIVACY|STHOMPSON|11242023110451|COMPLETED|CALL|NEW CUSTOMER|154|421|RESOLVED|1|SELF-HELP OPTION|NEUTRAL
440|MOBILE & WIRELESS SERVICES|UMARTINEZ|08152022110451|DROPPED|CHAT|SENIOR CITIZEN|313|297|PENDING RESOLUTION|0|SUPPORT TEAM INTERVENTION|GOOD
441|MOBILE & WIRELESS SERVICES|UMARTINEZ|01062023110451|COMPLETED|CALL|HEAVY DATA USER|37|101|PENDING RESOLUTION|0|SELF-HELP OPTION|BAD
442|ACCOUNT MANAGEMENT|WLOPEZ|04072023110451|DROPPED|CHAT|DEVICE ENTHUSIAST|448|349|WORK IN PROGRESS|0|SUPPORT TEAM INTERVENTION|BEST
443|BUSINESS SERVICES|VHERNANDEZ|01262022110451|DROPPED|CALL|HEAVY DATA USER|52|372|PENDING RESOLUTION|1|SELF-HELP OPTION|BEST
444|ACCOUNT MANAGEMENT|ATHOMAS|05082024110451|COMPLETED||BUSINESS OWNER|545|39|TRANSFERRED TO ANOTHER QUEUE|1|SUPPORT TEAM INTERVENTION|GOOD
445|TECHNICAL SUPPORT|EJONES|07182022110451|DROPPED|CHAT|DEVICE ENTHUSIAST|16|131|PENDING CUSTOMER UPDATE|1|SUPPORT TEAM INTERVENTION|BAD
446|MOBILE & WIRELESS SERVICES|XGONZALEZ|08122024110451|COMPLETED|CHAT|BUSINESS OWNER|598|331|PENDING RESOLUTION|1|SELF-HELP OPTION|NEUTRAL
447|NEW CUSTOMER ONBOARDING|VHERNANDEZ|12082023110451|TRANSFERRED|CALL|SENIOR CITIZEN|108|368|RESOLVED|0|SUPPORT TEAM INTERVENTION|WORST
448|ACCOUNT MANAGEMENT|XGONZALEZ||COMPLETED|CALL|HEAVY DATA USER|200|541|PENDING RESOLUTION|0|SELF-HELP OPTION|BAD
449|LOYALTY & RETENTIONS|ZANDERSON|11052023110451|DROPPED|CALL|HEAVY DATA USER|213|388|PENDING CUSTOMER UPDATE|0|SELF-HELP OPTION|BAD
450|NEW CUSTOMER ONBOARDING|EJONES|07072023110451|COMPLETED|CALL|TECH-SAVVY USER|170|258|PENDING CUSTOMER UPDATE|0|SELF-HELP OPTION|NEUTRAL
451|TECHNICAL SUPPORT|STHOMPSON|06302022110451|TRANSFERRED|CALL||414|157|WORK IN PROGRESS|0|SELF-HELP OPTION|BEST
110|SUPPORT OUTAGES|WLOPEZ|07112024110451|DROPPED|CALL|BUSINESS OWNER|141|317|PENDING RESOLUTION|1|SELF-HELP OPTION|GOOD
452|NEW CUSTOMER ONBOARDING|UMARTINEZ|12192022110451|COMPLETED|CHAT|BUDGET-CONSCIOUS CUSTOMER|193|348|PENDING CUSTOMER UPDATE|1|SELF-HELP OPTION|BAD
453|SUPPORT OUTAGES|VHERNANDEZ|02292024110451|DROPPED|CHAT|LONG-TERM CUSTOMER|286|430|WORK IN PROGRESS|0|SUPPORT TEAM INTERVENTION|NEUTRAL
454|NEW CUSTOMER ONBOARDING|ZANDERSON|04222023110451|COMPLETED|CALL|FREQUENT TRAVELER|391|484|TRANSFERRED TO ANOTHER QUEUE|0|SELF-HELP OPTION|BEST
455|BUSINESS SERVICES|UMARTINEZ|02182024110451|DROPPED|CALL|DEVICE ENTHUSIAST|408|232|WORK IN PROGRESS|0|SUPPORT TEAM INTERVENTION|GOOD
456|SUPPORT OUTAGES|VHERNANDEZ|08192023110451|COMPLETED|CALL|HEAVY DATA USER|104|586|WORK IN PROGRESS|0|SUPPORT TEAM INTERVENTION|NEUTRAL
457|LOYALTY & RETENTIONS|STHOMPSON|09042023110451|TRANSFERRED|CHAT|FREQUENT TRAVELER|222|242|PENDING RESOLUTION|1|SUPPORT TEAM INTERVENTION|BAD
458|PROMOTIONS & DISCOUNTS|WLOPEZ|01052022110451|DROPPED||TECH-SAVVY USER|314|482|TRANSFERRED TO ANOTHER QUEUE|0|SUPPORT TEAM INTERVENTION|BEST
459|HOME SERVICES|ZANDERSON|09122022110451|COMPLETED|CALL|BUSINESS OWNER|326|363|TRANSFERRED TO ANOTHER QUEUE|1|SUPPORT TEAM INTERVENTION|NEUTRAL
460|BUSINESS SERVICES|STHOMPSON|04182022110451|TRANSFERRED|CHAT|LONG-TERM CUSTOMER|297|101|PENDING RESOLUTION|1|SELF-HELP OPTION|GOOD
461|MOBILE & WIRELESS SERVICES|UMARTINEZ|10122022110451|TRANSFERRED|CALL|TECH-SAVVY USER|288|368|RESOLVED|1|SELF-HELP OPTION|WORST
338|SUPPORT OUTAGES|EJONES|12022023110451|TRANSFERRED|CHAT|HEAVY DATA USER|300|431|TRANSFERRED TO ANOTHER QUEUE|0|SUPPORT TEAM INTERVENTION|BAD
462|NEW CUSTOMER ONBOARDING|XGONZALEZ|12222021110451|DROPPED|CHAT|BUSINESS OWNER|573|165|PENDING RESOLUTION|1|SELF-HELP OPTION|WORST
463|ACCOUNT MANAGEMENT|VHERNANDEZ|05252023110451|COMPLETED|CHAT|TECH-SAVVY USER|185|533|TRANSFERRED TO ANOTHER QUEUE|0|SELF-HELP OPTION|BEST
464|TECHNICAL SUPPORT|STHOMPSON|08142024110451|TRANSFERRED|CALL|HEAVY DATA USER|497|209|WORK IN PROGRESS|0|SELF-HELP OPTION|BAD
465|LOYALTY & RETENTIONS|YWILSON|04212024110451|TRANSFERRED|CHAT|HEAVY DATA USER|244|154|PENDING CUSTOMER UPDATE|1|SUPPORT TEAM INTERVENTION|BEST
466|BUSINESS SERVICES|ATHOMAS|03302022110451|TRANSFERRED|CALL|SENIOR CITIZEN|38|581|PENDING RESOLUTION|1|SELF-HELP OPTION|WORST
467|ACCOUNT MANAGEMENT|YWILSON|06232023110451|DROPPED|CALL|TECH-SAVVY USER|341|206|WORK IN PROGRESS|0|SUPPORT TEAM INTERVENTION|BAD
398|PROMOTIONS & DISCOUNTS|EJONES|06162023110451|DROPPED|CHAT|LONG-TERM CUSTOMER|66|599|PENDING RESOLUTION|1|SELF-HELP OPTION|NEUTRAL
468|TECHNICAL SUPPORT|WLOPEZ|02102024110451|TRANSFERRED|CHAT|NEW CUSTOMER|291|394|PENDING CUSTOMER UPDATE|1|SELF-HELP OPTION|BAD
469|HOME SERVICES|TGARCIA|07022024110451|TRANSFERRED|CHAT|TECH-SAVVY USER|113||WORK IN PROGRESS|1|SELF-HELP OPTION|BEST
470|NEW CUSTOMER ONBOARDING|ATHOMAS|10042022110451|DROPPED|CALL|HEAVY DATA USER|224|442|TRANSFERRED TO ANOTHER QUEUE|0|SELF-HELP OPTION|GOOD
471|HOME SERVICES|TGARCIA|03152022110451|COMPLETED|CHAT|BUSINESS OWNER|402|396|RESOLVED|1|SUPPORT TEAM INTERVENTION|BAD
472|ACCOUNT MANAGEMENT|WLOPEZ|02022023110451|COMPLETED|CHAT|TECH-SAVVY USER|56|92|WORK IN PROGRESS|1|SELF-HELP OPTION|BEST
473|MOBILE & WIRELESS SERVICES|EJONES|04022023110451|TRANSFERRED|CALL|BUDGET-CONSCIOUS CUSTOMER|444|282|RESOLVED|0|SELF-HELP OPTION|BEST
81|ACCOUNT MANAGEMENT|UMARTINEZ|01162022110451|TRANSFERRED|CHAT|SENIOR CITIZEN|522|90|RESOLVED|0|SELF-HELP OPTION|GOOD
474|TECHNICAL SUPPORT|VHERNANDEZ|05312022110451|TRANSFERRED|CHAT|BUSINESS OWNER|238|304|WORK IN PROGRESS|0|SELF-HELP OPTION|NEUTRAL
393|MOBILE & WIRELESS SERVICES|XGONZALEZ|05062022110451|TRANSFERRED|CHAT|FREQUENT TRAVELER|69|437|TRANSFERRED TO ANOTHER QUEUE|1|SUPPORT TEAM INTERVENTION|BEST
475|BUSINESS SERVICES|VHERNANDEZ|03112023110451|DROPPED|CHAT|SENIOR CITIZEN|302|84|PENDING RESOLUTION|1|SELF-HELP OPTION|WORST
476|SUPPORT OUTAGES|STHOMPSON|04062022110451|TRANSFERRED|CALL|TECH-SAVVY USER|545|411|WORK IN PROGRESS|1|SUPPORT TEAM INTERVENTION|BEST
477|SUPPORT OUTAGES|WLOPEZ|09062024110451|COMPLETED|CHAT|SENIOR CITIZEN|195|111|PENDING CUSTOMER UPDATE|1|SELF-HELP OPTION|NEUTRAL
478|PROMOTIONS & DISCOUNTS|ZANDERSON|03092024110451|COMPLETED|CHAT|LONG-TERM CUSTOMER|430|44|RESOLVED|0|SELF-HELP OPTION|NEUTRAL
479|SUPPORT OUTAGES|STHOMPSON|04062023110451|DROPPED|CHAT|DEVICE ENTHUSIAST|483|308|TRANSFERRED TO ANOTHER QUEUE|1|SELF-HELP OPTION|NEUTRAL
480|LOYALTY & RETENTIONS|ATHOMAS|12192023110451|DROPPED|CHAT|FAMILY PLAN MANAGER|203|565|TRANSFERRED TO ANOTHER QUEUE|0|SELF-HELP OPTION|WORST
335|TECHNICAL SUPPORT|VHERNANDEZ|12232021110451|TRANSFERRED|CHAT|HEAVY DATA USER|392|125|PENDING RESOLUTION|1|SUPPORT TEAM INTERVENTION|BAD
481|LOYALTY & RETENTIONS|YWILSON|08262023110451|TRANSFERRED|CHAT|HEAVY DATA USER|432|430|PENDING RESOLUTION|0|SUPPORT TEAM INTERVENTION|GOOD
153|HOME SERVICES|UMARTINEZ|08272023110451|TRANSFERRED|CHAT|BUSINESS OWNER|517|118|PENDING CUSTOMER UPDATE|0|SELF-HELP OPTION|WORST
482|ACCOUNT MANAGEMENT|UMARTINEZ|05172024110451|DROPPED|CALL|FAMILY PLAN MANAGER|421|342|PENDING CUSTOMER UPDATE|0|SUPPORT TEAM INTERVENTION|BAD
191|PROMOTIONS & DISCOUNTS|YWILSON|12312023110451|TRANSFERRED|CHAT|BUSINESS OWNER|139|63|TRANSFERRED TO ANOTHER QUEUE|0|SELF-HELP OPTION|WORST
483|PROMOTIONS & DISCOUNTS|VHERNANDEZ|09272022110451|DROPPED|CHAT|DEVICE ENTHUSIAST|599|294|PENDING CUSTOMER UPDATE|0|SELF-HELP OPTION|BEST
484|BUSINESS SERVICES|WLOPEZ|09122022110451|TRANSFERRED|CHAT|LONG-TERM CUSTOMER|488|533|WORK IN PROGRESS|1|SUPPORT TEAM INTERVENTION|GOOD
485|LOYALTY & RETENTIONS|XGONZALEZ|03212024110451|COMPLETED|CALL|FREQUENT TRAVELER|247|467|WORK IN PROGRESS|1|SUPPORT TEAM INTERVENTION|BAD
486|PROMOTIONS & DISCOUNTS|VHERNANDEZ|10072022110451|COMPLETED|CALL|TECH-SAVVY USER|261|224|RESOLVED|0|SELF-HELP OPTION|NEUTRAL
487|LOYALTY & RETENTIONS|TGARCIA|04182022110451|DROPPED|CALL|DEVICE ENTHUSIAST|487|325|PENDING RESOLUTION|0|SELF-HELP OPTION|BEST
488|NEW CUSTOMER ONBOARDING|VHERNANDEZ|08242023110451|DROPPED|CALL|DEVICE ENTHUSIAST|222|77|PENDING RESOLUTION|0|SELF-HELP OPTION|GOOD
489|MOBILE & WIRELESS SERVICES|UMARTINEZ|05022023110451|DROPPED|CHAT|HEAVY DATA USER|209|342|WORK IN PROGRESS|0|SELF-HELP OPTION|NEUTRAL
490|SUPPORT OUTAGES|YWILSON|01142023110451|TRANSFERRED|CALL|NEW CUSTOMER|282|390|WORK IN PROGRESS|1|SUPPORT TEAM INTERVENTION|BAD
491|HOME SERVICES|EJONES|09062022110451|COMPLETED|CHAT|LONG-TERM CUSTOMER|591|301|TRANSFERRED TO ANOTHER QUEUE|1|SUPPORT TEAM INTERVENTION|WORST
492|NEW CUSTOMER ONBOARDING|XGONZALEZ|07102022110451|COMPLETED|CHAT|DEVICE ENTHUSIAST|86||PENDING RESOLUTION|1|SUPPORT TEAM INTERVENTION|GOOD
493|TECHNICAL SUPPORT|STHOMPSON|04202023110451|COMPLETED|CALL|TECH-SAVVY USER|109|316|PENDING RESOLUTION|1|SELF-HELP OPTION|BEST
494|HOME SERVICES|STHOMPSON|04152023110451|COMPLETED|CALL|TECH-SAVVY USER|575|70|PENDING RESOLUTION|1|SUPPORT TEAM INTERVENTION|WORST
495|NEW CUSTOMER ONBOARDING|XGONZALEZ|05252023110451|TRANSFERRED|CHAT|TECH-SAVVY USER|226|112|PENDING CUSTOMER UPDATE|0|SUPPORT TEAM INTERVENTION|BEST
496|PROMOTIONS & DISCOUNTS|YWILSON|08132024110451|DROPPED|CALL|DEVICE ENTHUSIAST|350|82|TRANSFERRED TO ANOTHER QUEUE|0|SUPPORT TEAM INTERVENTION|WORST
71|ACCOUNT MANAGEMENT|STHOMPSON|07292024110451|DROPPED|CALL|FAMILY PLAN MANAGER|274|97|PENDING CUSTOMER UPDATE|1|SELF-HELP OPTION|BAD
497|ACCOUNT MANAGEMENT|UMARTINEZ|11082022110451|DROPPED|CHAT|SENIOR CITIZEN|113|179|WORK IN PROGRESS|0|SELF-HELP OPTION|GOOD
164|TECHNICAL SUPPORT|TGARCIA|06262023110451|TRANSFERRED|CALL|SENIOR CITIZEN|302|176|WORK IN PROGRESS|0|SUPPORT TEAM INTERVENTION|GOOD
498|BUSINESS SERVICES|VHERNANDEZ|11102022110451|COMPLETED|CHAT|DEVICE ENTHUSIAST|265|414|TRANSFERRED TO ANOTHER QUEUE|1|SELF-HELP OPTION|BAD
499|LOYALTY & RETENTIONS|XGONZALEZ|02122022110451|DROPPED|CHAT|HEAVY DATA USER|370|532|PENDING CUSTOMER UPDATE|1|SELF-HELP OPTION|BAD
500|PROMOTIONS & DISCOUNTS|ATHOMAS|04102024110451|DROPPED|CALL|LONG-TERM CUSTOMER|495|336|TRANSFERRED TO ANOTHER QUEUE|0|SUPPORT TEAM INTERVENTION|NEUTRAL
501|NEW CUSTOMER ONBOARDING|ZANDERSON|12202021110451|TRANSFERRED|CALL|BUSINESS OWNER|393|106|WORK IN PROGRESS|1|SUPPORT TEAM INTERVENTION|WORST
502|ACCOUNT MANAGEMENT|XGONZALEZ|10072023110451|TRANSFERRED|CHAT|LONG-TERM CUSTOMER|269|13|WORK IN PROGRESS|0|SUPPORT TEAM INTERVENTION|NEUTRAL
503|TECHNICAL SUPPORT|YWILSON|05202023110451|COMPLETED|CALL|FREQUENT TRAVELER|108|410|WORK IN PROGRESS|1|SELF-HELP OPTION|GOOD
504|HOME SERVICES|ZANDERSON|02282022110451|TRANSFERRED|CHAT|BUSINESS OWNER|531|394|RESOLVED|1|SUPPORT TEAM INTERVENTION|BEST
505|MOBILE & WIRELESS SERVICES|ATHOMAS|11242022110451|TRANSFERRED|CALL|SENIOR CITIZEN|65|371|WORK IN PROGRESS|0||BAD
506|SUPPORT OUTAGES|XGONZALEZ|09032024110451|DROPPED|CALL|SENIOR CITIZEN|480|580|TRANSFERRED TO ANOTHER QUEUE|0|SUPPORT TEAM INTERVENTION|BEST
2|SUPPORT OUTAGES|TGARCIA|11102023110451|COMPLETED|CHAT|TECH-SAVVY USER|246|363|PENDING RESOLUTION|0|SELF-HELP OPTION|GOOD
507|LOYALTY & RETENTIONS|YWILSON|04142023110451|TRANSFERRED|CALL|HEAVY DATA USER|205|327|RESOLVED|1|SELF-HELP OPTION|NEUTRAL
199|SUPPORT OUTAGES|ZANDERSON|03052023110451|COMPLETED|CHAT|FAMILY PLAN MANAGER|159|202|RESOLVED|1|SUPPORT TEAM INTERVENTION|GOOD
508|PROMOTIONS & DISCOUNTS|EJONES|06072023110451|DROPPED|CALL|HEAVY DATA USER|74|588|PENDING RESOLUTION|1|SELF-HELP OPTION|GOOD
509|ACCOUNT MANAGEMENT|VHERNANDEZ|07152023110451|COMPLETED|CALL|SENIOR CITIZEN|80|102|RESOLVED|1|SELF-HELP OPTION|GOOD
510|TECHNICAL SUPPORT|STHOMPSON|10042022110451|COMPLETED|CHAT|LONG-TERM CUSTOMER|328|478|TRANSFERRED TO ANOTHER QUEUE|0|SUPPORT TEAM INTERVENTION|BAD
511|SECURITY & PRIVACY|TGARCIA|03112023110451|COMPLETED|CALL|BUSINESS OWNER|45|489|TRANSFERRED TO ANOTHER QUEUE|1|SUPPORT TEAM INTERVENTION|BAD
512|BUSINESS SERVICES|WLOPEZ|06032023110451|COMPLETED|CHAT|TECH-SAVVY USER|244|337|WORK IN PROGRESS|1|SUPPORT TEAM INTERVENTION|GOOD
513|LOYALTY & RETENTIONS|VHERNANDEZ|02042022110451|COMPLETED|CALL|FREQUENT TRAVELER|509|578|RESOLVED|1|SUPPORT TEAM INTERVENTION|WORST
514|MOBILE & WIRELESS SERVICES|WLOPEZ|03252023110451|TRANSFERRED|CHAT|FREQUENT TRAVELER|532|311|PENDING CUSTOMER UPDATE|1|SUPPORT TEAM INTERVENTION|GOOD
515|MOBILE & WIRELESS SERVICES|TGARCIA|07242024110451|TRANSFERRED|CALL|LONG-TERM CUSTOMER|23|107|RESOLVED|0|SUPPORT TEAM INTERVENTION|NEUTRAL
516|SUPPORT OUTAGES|ATHOMAS|05232024110451|COMPLETED|CALL|FAMILY PLAN MANAGER|270|532|TRANSFERRED TO ANOTHER QUEUE|0|SUPPORT TEAM INTERVENTION|WORST
517|TECHNICAL SUPPORT|VHERNANDEZ|05152022110451|DROPPED|CALL|NEW CUSTOMER|257|511|WORK IN PROGRESS|1|SUPPORT TEAM INTERVENTION|GOOD
332|TECHNICAL SUPPORT|YWILSON|01102024110451|DROPPED|CALL|FREQUENT TRAVELER|303|407|WORK IN PROGRESS|0|SUPPORT TEAM INTERVENTION|BEST
518|SECURITY & PRIVACY|STHOMPSON|03152024110451|TRANSFERRED|CHAT||363|248|WORK IN PROGRESS|1|SELF-HELP OPTION|BAD
519|PROMOTIONS & DISCOUNTS|ZANDERSON|04012022110451|TRANSFERRED|CALL|NEW CUSTOMER|491|222||0|SUPPORT TEAM INTERVENTION|NEUTRAL
520|HOME SERVICES|EJONES|09062024110451|TRANSFERRED|CALL|FREQUENT TRAVELER|105|386|PENDING RESOLUTION|0|SUPPORT TEAM INTERVENTION|NEUTRAL
521|MOBILE & WIRELESS SERVICES|ZANDERSON|03012023110451|COMPLETED|CHAT|HEAVY DATA USER|354|594|TRANSFERRED TO ANOTHER QUEUE||SUPPORT TEAM INTERVENTION|GOOD
322|SUPPORT OUTAGES|EJONES|09182023110451|TRANSFERRED|CHAT|LONG-TERM CUSTOMER|69|118|PENDING CUSTOMER UPDATE|1|SUPPORT TEAM INTERVENTION|NEUTRAL
522|LOYALTY & RETENTIONS|UMARTINEZ|01062024110451|DROPPED|CALL|NEW CUSTOMER|283|572|PENDING CUSTOMER UPDATE|1|SUPPORT TEAM INTERVENTION|BEST
523|SECURITY & PRIVACY|TGARCIA|06102022110451|TRANSFERRED|CALL|FAMILY PLAN MANAGER|259|425|PENDING RESOLUTION|1|SELF-HELP OPTION|NEUTRAL
524|SECURITY & PRIVACY|YWILSON|02152023110451|DROPPED|CHAT|LONG-TERM CUSTOMER|558|354|RESOLVED|0|SUPPORT TEAM INTERVENTION|GOOD
525|BUSINESS SERVICES|STHOMPSON|11032023110451|COMPLETED|CALL|SENIOR CITIZEN|482|478|PENDING CUSTOMER UPDATE|0|SELF-HELP OPTION|WORST
526|LOYALTY & RETENTIONS|VHERNANDEZ|06012022110451|DROPPED|CALL|DEVICE ENTHUSIAST|116|509|PENDING CUSTOMER UPDATE|1|SUPPORT TEAM INTERVENTION|BAD
135|ACCOUNT MANAGEMENT|UMARTINEZ|06132022110451|DROPPED|CHAT|NEW CUSTOMER|63|335|TRANSFERRED TO ANOTHER QUEUE|1|SELF-HELP OPTION|BAD
527|TECHNICAL SUPPORT|TGARCIA|04282022110451|TRANSFERRED|CHAT|FAMILY PLAN MANAGER|86|178|TRANSFERRED TO ANOTHER QUEUE|0|SELF-HELP OPTION|BAD
528|LOYALTY & RETENTIONS|EJONES|04012024110451|COMPLETED|CHAT|BUDGET-CONSCIOUS CUSTOMER|482|40|PENDING CUSTOMER UPDATE|1|SELF-HELP OPTION|NEUTRAL
529|NEW CUSTOMER ONBOARDING|ZANDERSON|06052024110451|TRANSFERRED|CALL|LONG-TERM CUSTOMER|314|158|PENDING RESOLUTION|1|SUPPORT TEAM INTERVENTION|BAD
530||ATHOMAS|07182022110451|DROPPED|CHAT|LONG-TERM CUSTOMER|383|268|PENDING CUSTOMER UPDATE|0|SELF-HELP OPTION|BAD
434|MOBILE & WIRELESS SERVICES|ATHOMAS|04242023110451|TRANSFERRED|CHAT|HEAVY DATA USER|166|569|TRANSFERRED TO ANOTHER QUEUE|1|SUPPORT TEAM INTERVENTION|WORST
531|LOYALTY & RETENTIONS|EJONES|06202022110451|TRANSFERRED|CALL|SENIOR CITIZEN|244|597|TRANSFERRED TO ANOTHER QUEUE|0|SELF-HELP OPTION|WORST
532|TECHNICAL SUPPORT|XGONZALEZ|07272022110451|DROPPED|CALL|NEW CUSTOMER|62|469|TRANSFERRED TO ANOTHER QUEUE|1|SUPPORT TEAM INTERVENTION|WORST
533|PROMOTIONS & DISCOUNTS|TGARCIA|06162024110451|DROPPED|CHAT|DEVICE ENTHUSIAST|185|413||0|SELF-HELP OPTION|WORST
534|HOME SERVICES|XGONZALEZ|06022022110451|DROPPED|CHAT|HEAVY DATA USER|82|564|PENDING RESOLUTION|1|SUPPORT TEAM INTERVENTION|BAD
535|SUPPORT OUTAGES|WLOPEZ|02082024110451|TRANSFERRED|CALL|BUSINESS OWNER|95|134|TRANSFERRED TO ANOTHER QUEUE|1|SELF-HELP OPTION|GOOD
190|BUSINESS SERVICES|TGARCIA|02272023110451|TRANSFERRED|CHAT|FREQUENT TRAVELER|460|361|PENDING CUSTOMER UPDATE|0|SELF-HELP OPTION|BEST
536|PROMOTIONS & DISCOUNTS|VHERNANDEZ|06072023110451|TRANSFERRED|CHAT|FREQUENT TRAVELER|88|443|PENDING RESOLUTION|1|SELF-HELP OPTION|BAD
537|HOME SERVICES|XGONZALEZ|04012022110451|COMPLETED|CALL|FREQUENT TRAVELER|544|416|WORK IN PROGRESS|1|SELF-HELP OPTION|BEST
538|BUSINESS SERVICES|YWILSON|05112023110451|COMPLETED|CALL|DEVICE ENTHUSIAST|284|459|RESOLVED|0|SELF-HELP OPTION|GOOD
539|ACCOUNT MANAGEMENT|VHERNANDEZ|07272022110451|DROPPED|CHAT|FREQUENT TRAVELER|314|268|WORK IN PROGRESS|1|SUPPORT TEAM INTERVENTION|WORST
540|SECURITY & PRIVACY|XGONZALEZ|11112022110451|DROPPED|CHAT|HEAVY DATA USER|497|122|RESOLVED|0|SUPPORT TEAM INTERVENTION|WORST
541|BUSINESS SERVICES|YWILSON|02132022110451|DROPPED|CALL|HEAVY DATA USER|96|428|TRANSFERRED TO ANOTHER QUEUE|1|SUPPORT TEAM INTERVENTION|WORST
542|SECURITY & PRIVACY|XGONZALEZ|02122023110451|COMPLETED|CALL|BUSINESS OWNER|184|327|PENDING RESOLUTION|1|SELF-HELP OPTION|GOOD
543|HOME SERVICES|STHOMPSON|02052022110451|COMPLETED|CALL|BUSINESS OWNER|403|135|TRANSFERRED TO ANOTHER QUEUE|1|SUPPORT TEAM INTERVENTION|NEUTRAL
544|SUPPORT OUTAGES|TGARCIA|08102023110451|TRANSFERRED|CALL|NEW CUSTOMER|292|451|WORK IN PROGRESS|0|SELF-HELP OPTION|GOOD
545|NEW CUSTOMER ONBOARDING|UMARTINEZ|03022023110451|COMPLETED|CALL|LONG-TERM CUSTOMER|23|523|PENDING RESOLUTION|1|SUPPORT TEAM INTERVENTION|BAD
546|HOME SERVICES|EJONES|05242022110451|DROPPED|CALL|BUDGET-CONSCIOUS CUSTOMER|404|417||0|SELF-HELP OPTION|NEUTRAL
547|SUPPORT OUTAGES|VHERNANDEZ|07122022110451|DROPPED|CALL|BUSINESS OWNER|544|310|TRANSFERRED TO ANOTHER QUEUE|0|SELF-HELP OPTION|BAD
284|LOYALTY & RETENTIONS|YWILSON|03262024110451|TRANSFERRED|CHAT|FAMILY PLAN MANAGER|122|586|WORK IN PROGRESS|0|SUPPORT TEAM INTERVENTION|BEST
548|NEW CUSTOMER ONBOARDING|VHERNANDEZ|05252024110451|TRANSFERRED|CALL|TECH-SAVVY USER|477|343|WORK IN PROGRESS|1|SUPPORT TEAM INTERVENTION|GOOD
465|PROMOTIONS & DISCOUNTS|VHERNANDEZ|09082022110451|DROPPED|CALL|FAMILY PLAN MANAGER|472|407|WORK IN PROGRESS|1|SELF-HELP OPTION|BEST
549|NEW CUSTOMER ONBOARDING||12232022110451|COMPLETED|CALL|DEVICE ENTHUSIAST|181|409|RESOLVED|0|SELF-HELP OPTION|WORST
550|PROMOTIONS & DISCOUNTS|ATHOMAS|01042022110451|TRANSFERRED|CHAT|BUDGET-CONSCIOUS CUSTOMER|15|124|TRANSFERRED TO ANOTHER QUEUE|1|SUPPORT TEAM INTERVENTION|BEST
187|SUPPORT OUTAGES|WLOPEZ|02102024110451|TRANSFERRED|CHAT|BUDGET-CONSCIOUS CUSTOMER|122|507|TRANSFERRED TO ANOTHER QUEUE|1|SUPPORT TEAM INTERVENTION|GOOD
551|LOYALTY & RETENTIONS|EJONES|02122022110451|TRANSFERRED|CALL|FAMILY PLAN MANAGER|506|230|PENDING CUSTOMER UPDATE|1|SUPPORT TEAM INTERVENTION|WORST
552|SUPPORT OUTAGES|ATHOMAS|03012024110451|COMPLETED|CALL|NEW CUSTOMER|178|94|RESOLVED|1|SELF-HELP OPTION|WORST
553|SUPPORT OUTAGES|VHERNANDEZ|04082023110451|TRANSFERRED|CALL|NEW CUSTOMER|35|206|WORK IN PROGRESS|0|SELF-HELP OPTION|BEST
239|PROMOTIONS & DISCOUNTS|WLOPEZ|12122022110451|TRANSFERRED|CALL|FAMILY PLAN MANAGER|142|17|TRANSFERRED TO ANOTHER QUEUE|1|SELF-HELP OPTION|GOOD
554|PROMOTIONS & DISCOUNTS|STHOMPSON|05132022110451|DROPPED|CALL|SENIOR CITIZEN|338|137|TRANSFERRED TO ANOTHER QUEUE|1|SELF-HELP OPTION|BEST
555|HOME SERVICES|YWILSON|05122024110451|DROPPED|CHAT|FREQUENT TRAVELER|162|528|PENDING RESOLUTION|1|SELF-HELP OPTION|BAD
556|MOBILE & WIRELESS SERVICES|TGARCIA|09302022110451|COMPLETED|CHAT|BUSINESS OWNER|576|345||1|SUPPORT TEAM INTERVENTION|BAD
89|LOYALTY & RETENTIONS|YWILSON|05252022110451|TRANSFERRED|CALL|TECH-SAVVY USER|492|194|PENDING CUSTOMER UPDATE|1|SUPPORT TEAM INTERVENTION|BEST
557|NEW CUSTOMER ONBOARDING|ZANDERSON|01242024110451|DROPPED|CHAT|BUSINESS OWNER|421|233|TRANSFERRED TO ANOTHER QUEUE|1|SUPPORT TEAM INTERVENTION|NEUTRAL
558|SECURITY & PRIVACY|TGARCIA|03162024110451|TRANSFERRED|CHAT|LONG-TERM CUSTOMER|483|221|PENDING RESOLUTION|0|SUPPORT TEAM INTERVENTION|BAD
559|SECURITY & PRIVACY|ZANDERSON|11082022110451|COMPLETED|CALL|LONG-TERM CUSTOMER|294|167|RESOLVED|1|SUPPORT TEAM INTERVENTION|BAD
560|HOME SERVICES|WLOPEZ|06082024110451|TRANSFERRED|CALL|FREQUENT TRAVELER|398|142|PENDING CUSTOMER UPDATE|1|SUPPORT TEAM INTERVENTION|NEUTRAL
561|ACCOUNT MANAGEMENT|ZANDERSON|04132022110451|COMPLETED|CALL|DEVICE ENTHUSIAST|174|36|TRANSFERRED TO ANOTHER QUEUE|1|SELF-HELP OPTION|NEUTRAL
562|MOBILE & WIRELESS SERVICES|YWILSON|12262022110451|COMPLETED|CHAT|FAMILY PLAN MANAGER|475|25|PENDING CUSTOMER UPDATE|0|SELF-HELP OPTION|BEST
563|HOME SERVICES|YWILSON|05272024110451|TRANSFERRED|CHAT|HEAVY DATA USER|150|27|PENDING RESOLUTION|0|SELF-HELP OPTION|WORST
564|TECHNICAL SUPPORT|WLOPEZ|05022023110451|TRANSFERRED|CALL|FREQUENT TRAVELER|497|260|PENDING CUSTOMER UPDATE|0|SUPPORT TEAM INTERVENTION|BEST
565|NEW CUSTOMER ONBOARDING|XGONZALEZ|04252022110451|TRANSFERRED|CALL|NEW CUSTOMER|170|162|PENDING RESOLUTION|1|SELF-HELP OPTION|GOOD
566|MOBILE & WIRELESS SERVICES|EJONES|12222022110451|TRANSFERRED|CHAT|LONG-TERM CUSTOMER|158|584|WORK IN PROGRESS|1|SELF-HELP OPTION|GOOD
567|SUPPORT OUTAGES|WLOPEZ|02022024110451|DROPPED|CALL|DEVICE ENTHUSIAST|60|565|PENDING RESOLUTION|1|SUPPORT TEAM INTERVENTION|WORST
73|LOYALTY & RETENTIONS|UMARTINEZ|06282022110451|COMPLETED|CHAT|DEVICE ENTHUSIAST|555|123|WORK IN PROGRESS|0|SELF-HELP OPTION|NEUTRAL
568|BUSINESS SERVICES|TGARCIA|01052024110451|TRANSFERRED|CALL|HEAVY DATA USER|59|143|PENDING RESOLUTION|1|SUPPORT TEAM INTERVENTION|GOOD
569|NEW CUSTOMER ONBOARDING|VHERNANDEZ|03212023110451|COMPLETED|CALL|FAMILY PLAN MANAGER|446|315|WORK IN PROGRESS|1|SELF-HELP OPTION|BAD
301|NEW CUSTOMER ONBOARDING|STHOMPSON|11192023110451|DROPPED|CHAT|BUSINESS OWNER|219|32|PENDING CUSTOMER UPDATE|0|SUPPORT TEAM INTERVENTION|BAD
570|BUSINESS SERVICES|EJONES|09032022110451|COMPLETED|CALL|LONG-TERM CUSTOMER|598|237|WORK IN PROGRESS|1|SELF-HELP OPTION|WORST
